artist_song,like,bpm,energy,danceability,acousticness,camelot_sin,camelot_cos,camelot_AB,genre_기타,genre_댄스,genre_랩/힙합,genre_록/메탈,genre_발라드,genre_성인가요/트로트,genre_인디음악,genre_포크/블루스,target
백예린 (Yerin Baek) Big world,194023,130,29,33.0,89.0,-0.87,0.5,1,0,0,0,0,0,0,0,0,0
"이영지 HUG (Feat. Zion.T, 원슈타인) (Prod. by Slom)",48525,163,58,66.0,41.0,0.0,-1.0,1,0,0,1,0,0,0,0,0,0
Mingginyu (밍기뉴) 나의 모든 이들에게,20364,86,16,59.0,88.0,-0.87,0.5,1,0,0,0,0,0,0,1,0,0
성시경 아픈 나를 (Prod. By 나얼),114170,137,53,37.0,73.0,-0.5,-0.87,1,0,0,0,0,1,0,0,0,0
Seori Cinderella,24269,150,68,73.0,20.0,0.5,0.87,1,0,1,0,0,0,0,0,0,0
Stray Kids (스트레이 키즈) FAM (Korean Ver.),91217,105,81,91.0,9.0,0.87,0.5,1,0,0,1,0,0,0,0,0,0
하현상 겨울이 오면,45790,80,50,45.0,12.0,-0.87,-0.5,1,0,0,0,1,0,0,0,0,0
윤하 (YOUNHA) 비 오는 날 듣기 좋은 노래,121914,88,74,44.0,81.0,-0.87,-0.5,1,0,0,0,0,0,0,0,0,0
카더가든 상처는 아름다운 흔적이 되어,77294,82,54,48.0,49.0,-1.0,-0.0,0,0,0,0,1,0,0,0,0,0
로지(ROZY) 바다 가자,818,123,65,74.0,62.0,0.0,1.0,1,0,0,0,0,0,0,0,0,0
전영호 ButterFly,800,165,96,50.0,0.0,-0.5,0.87,1,0,0,0,1,0,0,0,0,0
태리 (Terry) 좋아한단말야 (Feat. floryy),5316,145,62,71.0,32.0,0.87,0.5,1,0,0,1,0,0,0,0,0,0
김호중 빛이 나는 사람,46624,130,53,31.0,73.0,0.87,0.5,1,0,0,0,0,1,0,0,0,0
더보이즈 (THE BOYZ) Sweet,79424,145,91,75.0,4.0,-1.0,-0.0,0,0,1,0,0,0,0,0,0,0
Paul Blanco Summer (Feat. BE'O (비오)),27051,158,73,70.0,21.0,-0.87,-0.5,0,0,0,1,0,0,0,0,0,0
폴킴 One More Time,156337,77,48,56.0,78.0,0.5,-0.87,1,0,0,0,0,0,0,0,0,0
HAAN Chan (찬) Chance (Feat. Peakboy (픽보이)),2403,87,57,64.0,14.0,-1.0,-0.0,1,0,0,0,0,0,0,0,0,0
임재현 고백하는 취한밤에 (Prod. 2soo),15347,136,44,46.0,70.0,-0.5,0.87,1,0,0,0,0,1,0,0,0,0
WOODZ About You,53759,97,67,72.0,48.0,0.87,0.5,1,0,0,0,0,1,0,0,0,0
"BIG Naughty (서동현) 낭만교향곡 (Feat. CHANGMO, 박재범)",95395,88,67,45.0,18.0,-0.5,0.87,1,0,0,0,0,0,0,0,0,0
김재환 달팽이,47946,146,56,50.0,52.0,-1.0,-0.0,1,0,0,0,0,1,0,0,0,0
조유리 러브 쉿,27754,118,92,72.0,7.0,-0.87,0.5,1,0,1,0,0,0,0,0,0,0
루광중 검정치마 DREAM LIKE ME,201,79,56,56.0,37.0,0.5,0.87,1,0,0,0,1,0,0,0,0,0
오반(OVAN) 지금 난,39002,164,45,59.0,79.0,0.87,-0.5,1,0,0,1,0,0,0,0,0,0
신예영 헤어지기 싫어,10756,134,45,63.0,70.0,0.0,-1.0,1,0,0,0,0,1,0,0,0,0
백예린 (Yerin Baek) 물고기,194023,128,66,53.0,35.0,-1.0,-0.0,1,0,0,0,1,0,0,0,0,0
릴러말즈 (Leellamarz) TOIL 끝나지 않은 얘기 (Feat. 다이나믹 듀오),88760,80,56,71.0,39.0,0.0,-1.0,1,0,0,1,0,0,0,0,0,0
ASTRO (아스트로) Candy Sugar Pop,43829,115,93,80.0,18.0,-0.5,0.87,0,0,1,0,0,0,0,0,0,0
다비치 팡파레,112587,98,80,56.0,34.0,-0.5,-0.87,1,0,0,0,0,1,0,0,0,0
정승환 안녕이란 말,96009,65,34,41.0,91.0,0.87,0.5,1,0,0,0,0,1,0,0,0,0
황치열 왜 이제와서야 (Why),27902,136,54,46.0,54.0,-1.0,-0.0,1,0,0,0,0,1,0,0,0,0
송하예 함부로 다정하게,17227,136,48,51.0,84.0,0.5,0.87,1,0,0,0,0,1,0,0,0,0
투모로우바이투게더 Good Boy Gone Bad,164763,100,70,48.0,2.0,0.87,0.5,1,0,0,1,0,0,0,0,0,0
태연 (TAEYEON) 내 곁에,241639,110,35,46.0,84.0,-0.87,-0.5,1,0,0,0,0,1,0,0,0,0
문수진 (Moon Sujin) 지셀 (Jiselle) Only U (Feat. 페노메코),11525,122,82,60.0,41.0,0.87,0.5,0,0,0,0,0,0,0,0,0,0
104 (백사) 그대는 봄인가봐요,4906,100,66,76.0,76.0,0.5,-0.87,1,0,0,1,0,0,0,0,0,0
Wanna One (워너원) Beautiful (Part.3),165758,88,69,56.0,14.0,-0.5,0.87,1,0,0,0,0,1,0,0,0,0
ASH ISLAND Because,106682,90,71,71.0,27.0,0.5,-0.87,1,0,0,1,0,0,0,0,0,0
문별 (마마무) LUNATIC,33150,124,93,74.0,6.0,0.0,-1.0,1,0,1,0,0,0,0,0,0,0
TRADE L 덮어 (Feat. 로꼬),5779,93,47,66.0,81.0,0.0,-1.0,1,0,0,1,0,0,0,0,0,0
유주 (YUJU) 놀이(Play),19926,98,61,70.0,8.0,-0.87,-0.5,0,0,0,0,0,0,0,0,0,0
기리보이 눈이 오던 날 (Feat. SOLE),174405,89,51,72.0,57.0,1.0,0.0,0,0,0,1,0,0,0,0,0,0
양요섭 아직도 좋아해,40269,124,31,53.0,88.0,-0.87,0.5,0,0,0,0,0,1,0,0,0,0
샘김 (Sam Kim) 여름비,44982,146,20,46.0,84.0,0.5,0.87,1,0,0,0,0,0,0,0,1,0
우주소녀 쪼꼬미 슈퍼 그럼요,2537,156,93,64.0,1.0,-0.87,0.5,0,0,1,0,0,0,0,0,0,0
n@di (나디) 편지,3693,120,21,61.0,95.0,0.87,-0.5,1,0,0,0,0,0,0,1,0,0
미연 (MIYEON) 달빛에 그려지는,16344,75,35,41.0,80.0,0.5,-0.87,1,0,0,0,0,1,0,0,0,0
이예은 전건호 아샤트리 그대를 그대를,832,140,64,55.0,80.0,0.0,1.0,1,0,0,0,0,1,0,0,0,0
순순희(지환) 슬픈 초대장,472,142,57,40.0,37.0,-0.5,0.87,1,0,0,0,0,1,0,0,0,0
순순희(기태) 그대가 내 안에 박혔다,635,133,66,44.0,61.0,0.0,-1.0,1,0,0,0,0,1,0,0,0,0
김재환 개이득,47946,119,70,86.0,3.0,0.0,1.0,1,0,1,0,0,0,0,0,0,0
김재환 how i feel,47946,120,62,70.0,28.0,1.0,0.0,1,0,0,0,1,0,0,0,0,0
김재환 i love you,47946,110,28,47.0,75.0,1.0,0.0,1,0,0,0,0,1,0,0,0,0
펜타곤 pado,18871,108,76,69.0,0.0,0.87,0.5,0,1,0,0,0,0,0,0,0,0
온앤오프 바람이 분다,21387,118,77,76.0,3.0,-0.5,-0.87,1,0,1,0,0,0,0,0,0,0
정세운 fall in love,27498,64,40,42.0,73.0,1.0,0.0,1,0,0,0,0,1,0,0,0,0
정승환 너에게 닿을게,96009,132,36,35.0,79.0,-0.87,0.5,1,0,0,0,0,1,0,0,0,0
정세운 blooming,27498,110,90,63.0,4.0,-0.5,-0.87,1,0,1,0,0,0,0,0,0,0
서동현 손을 마주 잡고,95396,176,67,50.0,46.0,-0.87,0.5,1,0,0,0,0,0,0,0,0,0
경서 wonder why,21481,92,51,62.0,76.0,-1.0,-0.0,1,0,0,0,0,1,0,0,0,0
하진 choice,3155,112,73,38.0,24.0,0.87,-0.5,0,0,0,0,0,1,0,0,0,0
손승연 다 그대라서,16362,134,56,48.0,79.0,-0.87,0.5,0,0,0,0,0,1,0,0,0,0
전상근 그곳에 있기에,16150,128,59,57.0,63.0,0.0,-1.0,1,0,0,0,0,1,0,0,0,0
정세운 memory,27498,144,49,42.0,65.0,0.0,1.0,1,0,0,0,0,1,0,0,0,0
골든차일드 feel me,9948,144,86,57.0,1.0,1.0,0.0,0,0,1,0,0,0,0,0,0,0
골든차일드 crayon,9948,92,75,67.0,10.0,-0.5,-0.87,1,1,0,0,0,0,0,0,0,0
골든차일드 바람이라면,926,90,92,57.0,5.0,0.87,0.5,0,0,0,0,0,1,0,0,0,0
박은빈 Fly Away,4830,136,23,47.0,88.0,0.0,1.0,1,0,0,0,0,1,0,0,0,0
더보이즈 우리는,79424,172,76,48.0,31.0,-0.87,0.5,1,0,0,0,1,0,0,0,0,0
더보이즈 더뽀이즈 바나나차차,79424,140,86,79.0,8.0,-0.5,-0.87,1,0,1,0,0,0,0,0,0,0
더보이즈 Delicious,79424,90,73,74.0,12.0,-0.87,-0.5,1,1,0,0,0,0,0,0,0,0
더보이즈 Dear,79424,112,38,62.0,46.0,-1.0,-0.0,1,0,0,0,0,1,0,0,0,0
더보이즈 여름밤,79424,172,35,31.0,64.0,0.0,-1.0,1,0,0,0,1,0,0,0,0,0
엔하이픈 zero moment,42382,151,79,51.0,1.0,-0.5,0.87,0,0,0,0,1,0,0,0,0,0
더보이즈 놀자,79424,120,69,89.0,12.0,-0.5,-0.87,1,1,0,0,0,0,0,0,0,0
더보이즈 Here is,79424,80,55,56.0,34.0,0.0,-1.0,1,1,0,0,0,0,0,0,0,0
정효빈 혼자가 아닌 나,8336,114,65,69.0,2.0,0.0,1.0,1,0,0,0,0,1,0,0,0,0
정효빈 내게 스며든,8336,130,37,40.0,66.0,-0.87,-0.5,1,0,0,0,0,1,0,0,0,0
정효빈 찾았다,8336,100,79,71.0,63.0,0.87,-0.5,1,0,0,1,0,0,0,0,0,0
정효빈 지금 우리의 여름처럼,8336,107,66,67.0,24.0,-0.87,-0.5,1,0,0,0,0,1,0,0,0,0
정효빈 수채화,8336,128,38,41.0,59.0,0.5,0.87,1,0,0,0,0,1,0,0,0,0
정효빈 와우리,14,160,74,84.0,15.0,-0.87,0.5,0,0,0,1,0,0,0,0,0,0
씨야 미친 사랑의 노래,11923,116,68,57.0,30.0,0.0,1.0,1,0,0,0,0,1,0,0,0,0
아이콘 PANORAMA,83167,132,92,71.0,0.0,0.5,-0.87,1,0,0,1,0,0,0,0,0,0
아이콘 u,83167,123,85,78.0,11.0,-0.87,0.5,1,0,0,1,0,0,0,0,0,0
이예준 잊는법,19920,140,19,62.0,54.0,-0.87,-0.5,1,0,0,0,0,1,0,0,0,0
시그니처 오로라,1430,125,90,77.0,33.0,-0.87,-0.5,1,0,1,0,0,0,0,0,0,0
임영웅  Do or Die,147430,125,82,60.0,3.0,0.87,0.5,1,0,1,0,0,0,0,0,0,0
에이핑크 D N D,95484,112,80,79.0,42.0,0.5,-0.87,1,0,1,0,0,0,0,0,0,0
에이핑크 PINK CHRISTMAS,95484,133,73,75.0,54.0,-1.0,-0.0,1,0,0,0,0,1,0,0,0,0
에이핑크 Copycat,1532,112,82,75.0,17.0,0.0,1.0,1,0,1,0,0,0,0,0,0,0
에이핑크 나만 알면 돼,95484,72,72,45.0,76.0,0.5,0.87,1,0,0,0,0,1,0,0,0,0
에이핑크 난 너로 채워진다,1532,134,40,57.0,72.0,-0.87,0.5,1,0,0,0,0,1,0,0,0,0
영탁 폼 미쳤다,38962,123,93,70.0,3.0,0.87,0.5,1,0,1,0,0,0,0,0,0,0
영탁 각자도생,38962,120,77,65.0,38.0,0.87,0.5,1,0,0,0,0,0,0,0,0,0
삼총사 삼세판,173,104,80,69.0,2.0,0.5,0.87,1,0,0,0,0,0,1,0,0,0
소윤 두둥실,84,150,72,63.0,73.0,-0.5,0.87,1,0,1,0,0,0,0,0,0,0
설아 STAY,4234,91,53,70.0,37.0,0.0,-1.0,1,0,0,0,0,1,0,0,0,0
트와이스 Dance Again,172634,114,83,69.0,17.0,0.5,-0.87,1,1,0,0,0,0,0,0,0,0
트와이스 Hare Hare,172634,128,83,71.0,17.0,-0.5,-0.87,0,1,0,0,0,0,0,0,0,0
트와이스 MOONLIGHT SUNRISE (House remix),172634,130,79,73.0,3.0,0.87,0.5,1,0,1,0,0,0,0,0,0,0
선미 STRANGER,44597,63,58,48.0,23.0,-0.5,-0.87,0,0,1,0,0,0,0,0,0,0
선미 불이 꺼지고,44597,100,75,81.0,17.0,-0.5,0.87,0,0,0,0,0,0,0,0,0,0
선미 열이올라요 (Heart Burn),44597,122,66,84.0,3.0,-0.87,0.5,0,0,1,0,0,0,0,0,0,0
화사 Chili,53447,103,81,60.0,10.0,0.0,1.0,0,0,1,0,0,0,0,0,0,0
댄스가수유랑단 Rainbow,237,154,91,72.0,15.0,-0.87,-0.5,0,0,1,0,0,0,0,0,0,0
화사 I Love My Body,53447,140,61,81.0,5.0,-0.87,0.5,0,0,1,0,0,0,0,0,0,0
레드벨벳 Chill Kill,212553,148,75,53.0,5.0,-0.5,-0.87,1,0,1,0,0,0,0,0,0,0
레드벨벳 빨간 맛 (Red Flavor) (Mar Vista Remix),212553,128,92,59.0,1.0,-1.0,-0.0,1,1,0,0,0,0,0,0,0,0
이찬혁 1조,12568,120,52,71.0,3.0,0.5,-0.87,1,0,0,0,1,0,0,0,0,0
서동현 infj,95396,80,77,70.0,23.0,0.87,-0.5,0,0,0,0,0,0,0,0,0,0
NCT 127 Be There For Me,197113,82,65,74.0,15.0,0.0,1.0,1,0,0,0,0,0,0,0,0,0
김영석 Young K (DAY6) 환호,758,110,71,48.0,3.0,1.0,0.0,1,0,0,0,1,0,0,0,0,0
이하이 성시경 골목길 (with 성시경),74506,110,71,48.0,3.0,1.0,0.0,1,0,0,0,0,1,0,0,0,0
볼빨간사춘기 스노우볼,256553,172,29,25.0,94.0,-0.87,0.5,1,0,0,0,0,0,0,1,0,0
윈터 (WINTER) With You,21618,124,37,36.0,73.0,-1.0,-0.0,1,0,0,0,0,1,0,0,0,0
모어(more) 깊은 밤에 우리,447,140,46,40.0,41.0,0.5,-0.87,1,0,0,0,0,1,0,0,0,0
도겸 단발머리,36868,100,73,60.0,19.0,-0.87,0.5,1,0,0,0,0,1,0,0,0,0
임재현 비의 랩소디,15347,136,59,37.0,30.0,0.87,-0.5,1,0,0,0,0,1,0,0,0,0
그리즐리 (Grizzly) 와줘,16759,132,58,68.0,75.0,0.5,-0.87,1,0,0,0,0,0,0,0,0,0
BABYMONSTER BATTER UP,21017,130,69,90.0,7.0,-1.0,-0.0,0,0,0,1,0,0,0,0,0,0
DEAN DIE 4 YOU,148932,154,36,43.0,80.0,-0.87,0.5,0,0,0,0,0,0,0,0,0,0
aespa Drama,164293,131,87,64.0,16.0,-0.87,0.5,0,0,1,0,0,0,0,0,0,0
BOYNEXTDOOR Fadeaway,95870,172,93,48.0,4.0,0.87,0.5,1,0,1,0,0,0,0,0,0,0
ZEROBASEONE (제로베이스원) CRUSH (가시),61836,154,80,66.0,9.0,0.5,0.87,1,0,1,0,0,0,0,0,0,0
정국 Standing Next to You,177802,106,81,71.0,4.0,0.0,-1.0,0,0,1,0,0,0,0,0,0,0
소수빈 가잖아,21289,136,36,40.0,85.0,-0.5,0.87,1,0,0,0,0,1,0,0,0,0
VIVIZ (비비지) MANIAC,19445,115,57,76.0,19.0,-0.87,0.5,1,0,1,0,0,0,0,0,0,0
최유리 밤 바다,45385,125,29,41.0,87.0,1.0,0.0,1,0,0,0,0,1,0,0,0,0
이무진 쉼표,70950,124,42,43.0,49.0,-1.0,-0.0,0,0,0,0,0,1,0,0,0,0
QWER Discord,29926,132,94,72.0,19.0,-0.5,-0.87,0,0,0,0,1,0,0,0,0,0
윤마치 (MRCH) 항복,6639,95,65,73.0,7.0,-0.87,0.5,1,0,0,0,0,0,0,1,0,0
IVE (아이브) Baddie,122650,160,68,74.0,5.0,0.0,-1.0,1,0,1,0,0,0,0,0,0,0
레드벨벳 Cosmic,212555,106,56,72.0,3.0,0.87,0.5,1,0,1,0,0,0,0,0,0,0
데이식스 녹아내려요,211282,103,65,65.0,2.0,-0.5,0.87,0,0,0,0,1,0,0,0,0,0
NCT DREAM When I'm With You,233625,117,90,75.0,1.0,0.5,-0.87,1,0,1,0,0,0,0,0,0,0
NCT 127 삐그덕,197113,75,57,59.0,7.0,-1.0,-0.0,0,0,1,0,0,0,0,0,0,0
AKMU Hero,236011,136,43,66.0,62.0,0.87,0.5,1,0,0,0,0,0,0,0,1,0
트와이스 DIVE,172634,115,70,80.0,15.0,0.87,0.5,1,1,0,0,0,0,0,0,0,0
wave to earth annie.,36891,74,43,60.0,34.0,0.5,-0.87,0,0,0,0,0,0,0,1,0,0
잔나비 행운을 빌어요,156368,150,79,53.0,13.0,-0.5,-0.87,1,0,0,0,1,0,0,0,0,0
하현상 사랑이라고 말해줘,45790,73,34,63.0,78.0,-0.87,-0.5,1,0,0,0,1,0,0,0,0,0
태연 Letter To Myself,241638,153,67,57.0,4.0,0.87,0.5,1,0,0,0,1,0,0,0,0,0
"세븐틴 LOVE, MONEY, FAME",324680,100,70,87.0,4.0,-0.87,-0.5,1,0,1,0,0,0,0,0,0,0
세븐틴 MAESTRO,324680,152,84,68.0,8.0,-0.87,-0.5,0,0,1,0,0,0,0,0,0,0
이무진 청춘만화,70941,190,86,38.0,43.0,-0.87,-0.5,1,0,0,0,1,0,0,0,0,0
도경수 Mars,124275,101,46,84.0,25.0,-0.87,0.5,1,0,0,0,0,1,0,0,0,0
최예나 네모네모,34857,138,89,66.0,2.0,0.87,0.5,1,0,1,0,0,0,0,0,0,0
ITZY UNTOUCHABLE,64565,105,90,76.0,22.0,0.87,-0.5,0,0,1,0,0,0,0,0,0,0
STAYC Cheeky Icy Thang,55360,131,84,76.0,1.0,-1.0,-0.0,1,0,1,0,0,0,0,0,0,0
NMIXX DASH,49867,180,83,65.0,8.0,1.0,0.0,0,0,1,0,0,0,0,0,0,0
tripleS Girls Never Die,13089,95,91,67.0,15.0,-1.0,-0.0,0,0,1,0,0,0,0,0,0,0
백현 Pineapple Slice,181481,99,76,63.0,5.0,-0.5,-0.87,1,0,0,0,0,0,0,0,0,0
LUCY 빌런,66771,95,93,52.0,11.0,1.0,0.0,0,0,0,0,1,0,0,0,0,0
10CM 봄눈,184617,111,36,51.0,81.0,-0.87,0.5,1,0,0,0,0,1,0,0,0,0
로제 toxic till the end,70006,167,60,41.0,5.0,-0.87,-0.5,1,0,0,0,1,0,0,0,0,0
로이킴 내게 사랑이 뭐냐고 물어본다면,73554,130,52,37.0,59.0,0.87,0.5,1,0,0,0,0,1,0,0,0,0
로이킴 봄이 와도,73554,137,43,35.0,68.0,1.0,0.0,1,0,0,0,0,1,0,0,0,0
존박 꿈처럼,27223,152,60,54.0,67.0,0.87,-0.5,1,0,0,0,0,0,0,0,0,0
영탁 슈퍼슈퍼,38962,170,90,57.0,1.0,0.0,1.0,0,0,1,0,0,0,0,0,0,0
엔플라잉 Star,50972,136,85,58.0,1.0,-0.5,0.87,1,0,0,0,1,0,0,0,0,0
이승윤 역성,50857,160,81,31.0,0.0,-0.5,-0.87,1,0,0,0,1,0,0,0,0,0
다린 너에게,16163,130,51,81.0,70.0,0.87,-0.5,1,0,0,0,0,1,0,0,0,0
투모로우바이투게더 Over The Moon,164760,116,87,68.0,9.0,1.0,0.0,0,0,1,0,0,0,0,0,0,0
하이라이트 BODY,69654,127,82,70.0,1.0,-0.5,-0.87,0,0,1,0,0,0,0,0,0,0
FIFTY FIFTY SOS,16010,124,78,80.0,9.0,1.0,0.0,1,0,1,0,0,0,0,0,0,0
소수빈 이러지도 못하고,21289,164,58,65.0,51.0,-0.5,0.87,0,0,0,0,0,0,0,0,0,0
"BOYNEXTDOOR EARTH, Wind&Fire",95844,153,89,66.0,2.0,-1.0,-0.0,0,0,1,0,0,0,0,0,0,0
BOYNEXTDOOR Nice Guy,95844,116,84,84.0,28.0,-0.87,-0.5,1,0,1,0,0,0,0,0,0,0
TWS 내가 S면 넌 나의 N이 되어줘,37390,118,78,62.0,3.0,-1.0,-0.0,1,0,1,0,0,0,0,0,0,0
이찬원 하늘 여행,29630,72,54,47.0,34.0,0.87,-0.5,1,0,0,0,0,0,1,0,0,0
G-Dragon HOME SWEET HOME,188940,150,75,63.0,0.0,0.87,0.5,0,0,0,1,0,0,0,0,0,0
윤하 태양물고기,121913,94,68,58.0,6.0,-0.87,0.5,1,0,0,0,1,0,0,0,0,0
MEOVV TOXIC,9130,115,55,83.0,10.0,-0.5,-0.87,1,0,0,1,0,0,0,0,0,0
최유리 오랜만이야,45384,107,29,47.0,95.0,-1.0,-0.0,1,0,0,0,0,1,0,0,0,0
도영 반딧불,50240,92,74,53.0,23.0,0.5,-0.87,1,0,0,0,1,0,0,0,0,0
적재 그리워,47287,120,62,54.0,62.0,-0.5,0.87,1,0,0,0,0,0,0,0,1,0
PLAVE Watch Me Woo!,86374,105,80,63.0,2.0,-0.87,-0.5,0,0,0,0,1,0,0,0,0,0
경서 시작,21480,155,69,37.0,19.0,0.0,-1.0,1,0,0,0,1,0,0,0,0,0
KISS OF LIFE Get Loud,36583,110,83,85.0,8.0,0.87,0.5,1,0,1,0,0,0,0,0,0,0
KISS OF LIFE Igloo,36583,140,61,92.0,17.0,-1.0,-0.0,0,0,0,1,0,0,0,0,0,0
비오 밤새,60226,204,80,43.0,37.0,1.0,0.0,1,0,0,1,0,0,0,0,0,0
비오 Criminal,60226,128,74,67.0,2.0,-0.5,-0.87,1,0,0,1,0,0,0,0,0,0
다이나믹 듀오 피타파,75912,105,93,78.0,10.0,0.5,0.87,1,0,0,1,0,0,0,0,0,0
ASH ISLAND OST,106681,152,78,52.0,43.0,1.0,0.0,1,0,0,0,1,0,0,0,0,0
2am 청혼,8484,142,66,50.0,18.0,-0.5,0.87,1,0,0,0,0,1,0,0,0,0
있지 GOLD,64565,168,88,67.0,2.0,-1.0,-0.0,1,0,1,0,0,0,0,0,0,0
ph-1 FLAT COKE,71641,98,74,93.0,29.0,-0.87,-0.5,1,0,0,1,0,0,0,0,0,0
화사 Star,53447,142,37,59.0,74.0,-0.87,0.5,1,0,0,0,0,0,0,0,0,0
한요한 First Love,61341,176,82,33.0,19.0,0.87,-0.5,1,0,0,0,1,0,0,0,0,0
볼빨간사춘기 Bloom,256554,130,95,60.0,28.0,0.5,-0.87,1,0,0,0,0,0,0,1,0,0
청하 EENIE MEENIE,90050,100,72,82.0,18.0,0.87,0.5,1,0,1,0,0,0,0,0,0,0
전소미 Ice Cream,33313,126,78,80.0,2.0,-0.87,0.5,0,0,1,0,0,0,0,0,0,0
다비치 그걸 사랑이라고 말하지마,112586,131,43,44.0,51.0,-0.5,0.87,1,0,0,0,0,1,0,0,0,0
죠지 처음 보는 나,46808,130,34,36.0,75.0,-0.5,-0.87,1,0,0,0,0,1,0,0,0,0
너드커넥션 Freddy,23685,85,72,38.0,1.0,0.5,0.87,1,0,0,0,0,0,0,1,0,0
너드커넥션 Losing Myself,23685,164,67,51.0,0.0,-0.87,0.5,0,0,0,0,1,0,0,0,0,0
알레프 칫챗,21286,82,56,69.0,63.0,-0.87,-0.5,1,0,0,0,0,0,0,1,0,0
tripleS Hit the Floor,13089,103,88,69.0,1.0,-0.87,0.5,1,0,1,0,0,0,0,0,0,0
에픽하이 미슐랭,92744,90,61,91.0,11.0,1.0,0.0,0,0,0,1,0,0,0,0,0,0
나얼 1993,49051,168,56,51.0,9.0,-0.87,0.5,1,0,0,0,0,0,0,0,0,0
이창섭 33,63523,155,88,51.0,2.0,0.5,-0.87,1,0,0,0,1,0,0,0,0,0
육성재 BE SOMEBODY,48730,155,87,57.0,9.0,0.0,-1.0,1,0,0,0,1,0,0,0,0,0
황가람 나는 반딧불,3712,147,40,44.0,78.0,-0.5,-0.87,0,0,0,0,0,1,0,0,0,0
로제 number one girl,70006,175,38,29.0,29.0,-0.87,-0.5,1,0,0,0,0,1,0,0,0,0
임영웅 온기,147431,171,23,35.0,79.0,0.0,-1.0,1,0,1,0,0,0,0,0,0,0
오반 위태로울걸,39001,85,66,58.0,64.0,-0.87,0.5,0,0,0,1,0,0,0,0,0,0
LUCY 낙화,66771,95,74,50.0,37.0,-0.87,0.5,1,0,0,0,1,0,0,0,0,0
나상현씨밴드 CLOVER,11300,102,75,64.0,6.0,-0.5,0.87,0,0,0,0,0,0,0,1,0,0
스트레이 키즈 Chk Chk Boom,91215,102,74,93.0,17.0,-1.0,-0.0,1,0,0,1,0,0,0,0,0,0
Cravity Love or Die,19947,174,95,48.0,4.0,0.0,1.0,1,0,1,0,0,0,0,0,0,0
홍진영 봄,19400,172,59,36.0,54.0,0.87,0.5,1,0,0,0,0,0,1,0,0,0
RIIZE Siren,113134,105,83,80.0,0.0,0.87,0.5,1,0,1,0,0,0,0,0,0,0
RIIZE Lucky,113134,113,86,78.0,4.0,-0.5,0.87,1,1,0,0,0,0,0,0,0,0
RIIZE Combo,113134,140,84,57.0,0.0,0.5,-0.87,1,0,0,0,1,0,0,0,0,0
박찬영 떠나보자,1885,110,55,43.0,24.0,0.5,0.87,1,0,0,0,0,0,0,1,0,0
혁오 Glue,111460,174,64,64.0,59.0,-0.87,0.5,0,0,0,0,1,0,0,0,0,0
옥상달빛 다이빙,31548,132,63,60.0,3.0,-0.5,0.87,1,0,0,0,0,0,0,1,0,0
비비지 Shhh!,19445,105,81,79.0,10.0,-0.5,-0.87,1,0,1,0,0,0,0,0,0,0
오마이걸 Classified,119562,140,75,62.0,25.0,-1.0,-0.0,1,0,1,0,0,0,0,0,0,0
전상근 너를 사랑했던 시절,16150,136,58,37.0,72.0,-0.87,0.5,1,0,0,0,0,1,0,0,0,0
전상근 잠꼬대,16150,123,33,45.0,86.0,-0.5,0.87,1,0,0,0,0,1,0,0,0,0
마크툽 날 그만 잊어요,39989,130,45,42.0,86.0,0.5,-0.87,1,0,0,0,0,0,0,0,0,0
진 Running Wild,128511,147,71,49.0,0.0,1.0,0.0,1,0,0,0,1,0,0,0,0,0
BABYMONSTER CLIK CLIK,21018,135,59,94.0,1.0,-0.87,0.5,1,0,0,1,0,0,0,0,0,0
BABYMONSTER FOREVER,21018,130,70,84.0,10.0,-0.5,-0.87,1,0,1,0,0,0,0,0,0,0
윤마치 노스탤지어,6637,106,73,67.0,55.0,-0.5,0.87,1,0,0,0,0,0,0,1,0,0
다린 dog-ear serenade,16163,144,44,64.0,83.0,-0.87,-0.5,1,0,0,0,0,1,0,0,0,0
적재 나의 시,47287,120,42,55.0,46.0,0.5,-0.87,1,0,0,0,1,0,0,0,0,0
엔플라잉 네가 내 마음에 자리 잡았다,50972,106,84,73.0,13.0,1.0,0.0,1,0,0,0,1,0,0,0,0,0
wave to earth play with earth!,36891,115,61,63.0,4.0,0.0,1.0,1,0,0,0,0,0,0,1,0,0
더 폴스 Space kids,6056,104,53,56.0,4.0,-0.87,0.5,1,0,0,0,1,0,0,0,0,0
더 폴스 cares,6056,136,43,36.0,25.0,-0.87,0.5,1,0,0,0,1,0,0,0,0,0
휘인 휘이,40861,170,94,42.0,1.0,-0.87,0.5,1,0,0,0,1,0,0,0,0,0
카라 I Do I DO,15773,55,1,38.0,96.0,-0.87,0.5,0,0,1,0,0,0,0,0,0,0
웬디 Wish You Hell,36341,100,73,75.0,5.0,1.0,0.0,1,0,0,0,1,0,0,0,0,0
리도어 아직도 사랑하면 안 되는 건가요,9005,130,80,48.0,2.0,1.0,0.0,1,0,0,0,0,0,0,1,0,0
최예나 DNA,34857,174,92,43.0,0.0,-0.87,-0.5,1,1,0,0,0,0,0,0,0,0
한로로 ㅈㅣㅂ,9839,180,95,38.0,8.0,-0.5,-0.87,0,0,0,0,0,0,0,1,0,0
한로로 나침반,9839,135,67,74.0,26.0,-0.5,-0.87,0,0,0,0,0,0,0,1,0,0
하현상 향기,45790,138,45,53.0,53.0,-1.0,-0.0,1,0,0,0,1,0,0,0,0,0
에이든 겨울잠,1081,80,70,41.0,3.0,-1.0,-0.0,1,0,0,0,0,0,0,1,0,0
송소희 사슴신,7578,143,71,52.0,0.0,0.0,-1.0,0,0,0,0,1,0,0,0,0,0
엔하이픈 'No Doubt,42378,130,46,84.0,11.0,0.0,1.0,0,0,1,0,0,0,0,0,0,0
엔하이픈 What Makes You Beautiful,42378,125,62,67.0,0.0,-0.5,0.87,1,0,1,0,0,0,0,0,0,0
아이유 Shopper,725898,107,77,72.0,12.0,0.0,-1.0,1,0,0,0,1,0,0,0,0,0
아이유 관객이 될게,725898,160,84,54.0,27.0,-0.87,-0.5,1,0,0,0,1,0,0,0,0,0
조정석 샴페인,18507,72,72,47.0,8.0,0.0,-1.0,1,0,0,0,1,0,0,0,0,0
피프티 피프티 When You Say My Name,16010,92,38,48.0,93.0,-0.5,-0.87,1,0,0,0,0,1,0,0,0,0
허회경 한참을 울겠지만,18192,82,25,70.0,91.0,-1.0,-0.0,1,0,0,0,0,0,0,1,0,0
나연 ABCD,27122,106,93,68.0,4.0,0.5,0.87,0,0,0,0,0,0,0,0,0,0
박재범 Gimme A Minute,113949,110,68,69.0,1.0,-0.87,0.5,0,0,0,0,0,0,0,0,0,0
이찬혁 1조,12568,120,52,71.0,3.0,0.5,-0.87,1,0,0,0,1,0,0,0,0,0
밀리그램 How are you,2331,120,19,91.0,26.0,-0.87,0.5,1,0,0,0,0,1,0,0,0,0
온앤오프 Bye My Monster,21386,109,81,66.0,6.0,-1.0,-0.0,1,0,1,0,0,0,0,0,0,0
"키썸 서, 어른",23573,86,66,72.0,14.0,-0.5,-0.87,1,0,0,1,0,0,0,0,0,0
서은광 어린왕자,40185,120,48,53.0,64.0,0.87,-0.5,1,0,0,0,0,1,0,0,0,0
김재환 나만큼,47947,100,81,78.0,35.0,-0.5,-0.87,0,0,1,0,0,0,0,0,0,0
홍다빈 Shower Song,4276,96,72,71.0,4.0,0.5,0.87,1,0,0,1,0,0,0,0,0,0
이준호 다시 만나는 날,14901,68,21,63.0,88.0,-0.87,-0.5,1,0,0,0,0,0,0,0,0,0
정준일 Love Again,51766,129,37,47.0,82.0,0.5,-0.87,1,0,0,0,0,1,0,0,0,0
유라 Worm In The Apple,23865,82,67,37.0,35.0,0.87,0.5,1,0,0,0,0,0,0,0,0,0
유라 101(Home Home),23865,150,87,40.0,23.0,0.5,-0.87,1,0,0,0,0,0,0,0,0,0
프로미스나인 from,45668,140,80,67.0,5.0,-0.87,0.5,0,0,1,0,0,0,0,0,0,0
원슈타인 꿈,34639,78,62,55.0,61.0,-0.5,-0.87,1,0,0,0,0,0,0,0,0,0
원슈타인 파자마,34639,160,39,57.0,30.0,0.0,1.0,1,0,0,0,0,0,0,0,0,0
기원 끊었어?,7971,90,50,81.0,42.0,-0.87,0.5,1,0,0,0,0,0,0,0,0,0
기원 Comedy,665,70,54,65.0,52.0,0.5,-0.87,1,0,0,0,0,0,0,0,0,0
이범준 너의 흔적이 가득한 여름,2058,91,65,63.0,4.0,0.0,1.0,1,0,0,0,0,0,0,0,0,0
김현창 나 잠깐 잠들어 있을게요,10565,118,23,50.0,83.0,-0.87,-0.5,1,0,0,0,0,0,0,1,0,0
온유 매력,25599,108,86,85.0,25.0,-0.5,-0.87,0,0,0,1,0,0,0,0,0,0
황영웅 당신 편,13577,72,57,48.0,18.0,-0.5,-0.87,1,0,0,0,0,0,1,0,0,0
황영웅 해바라기,13577,180,75,24.0,1.0,-0.87,-0.5,1,0,0,0,0,0,1,0,0,0
장덕철 사계절,13360,132,43,48.0,67.0,-1.0,-0.0,1,0,0,0,0,1,0,0,0,0
장덕철 처음,13360,141,55,42.0,40.0,-1.0,-0.0,1,0,0,0,0,1,0,0,0,0
바비 무중력,46411,172,88,53.0,2.0,-1.0,-0.0,1,0,0,1,0,0,0,0,0,0
쏠 TONIGHT,28483,72,47,36.0,4.0,1.0,0.0,1,0,0,0,0,0,0,0,0,0
뱀뱀 LAST PARADE,8772,128,69,82.0,0.0,-1.0,-0.0,0,0,1,0,0,0,0,0,0,0
소란 목소리,27734,176,93,40.0,2.0,-1.0,-0.0,1,0,0,0,0,0,0,1,0,0
박혜원 이미 지나간 너에게 하는 말,38817,133,47,56.0,75.0,0.0,1.0,1,0,0,0,0,1,0,0,0,0
박혜원 나였으면,38817,142,32,42.0,67.0,-1.0,-0.0,1,0,0,0,0,1,0,0,0,0
다혜 이대로,744,132,35,54.0,88.0,-0.87,-0.5,1,0,0,0,0,1,0,0,0,0
문별 TOUCHIN&MOVIN,33149,113,83,76.0,2.0,-0.87,-0.5,0,0,1,0,0,0,0,0,0,0
문별 내 친구의 친구 얘기인데,33149,122,90,77.0,2.0,-0.5,-0.87,1,0,1,0,0,0,0,0,0,0
칸토 주황색 쏘나타,4520,110,75,90.0,4.0,0.87,0.5,0,0,0,1,0,0,0,0,0,0
김성규 미안해 널 미워해,40068,98,71,46.0,1.0,0.87,-0.5,0,0,0,0,1,0,0,0,0,0
에이비식스 GRAB ME,28102,162,81,53.0,11.0,0.5,0.87,1,0,1,0,0,0,0,0,0,0
에이비식스 NVKED,28102,118,81,75.0,10.0,-0.5,-0.87,0,0,1,0,0,0,0,0,0,0
WayV FREQUENCY,24519,100,79,67.0,0.0,0.87,0.5,1,0,1,0,0,0,0,0,0,0
WayV Go Higher,24519,95,81,76.0,1.0,-1.0,-0.0,0,1,0,0,0,0,0,0,0,0
박서진 꿀팁,8809,150,93,57.0,9.0,0.87,0.5,1,0,0,0,0,0,1,0,0,0
박서진 공주에서,8809,134,94,51.0,16.0,-0.5,0.87,0,0,0,0,0,0,1,0,0,0
브로콜리너마저 풍등,29497,140,37,63.0,52.0,-0.87,-0.5,1,0,0,0,0,0,0,1,0,0
브로콜리너마저 매일 새롭게,29497,78,43,58.0,10.0,-0.87,-0.5,1,0,0,0,0,0,0,1,0,0
심규선 심야의 아이,51696,90,56,24.0,26.0,0.87,0.5,1,0,0,0,0,0,0,0,1,0
하현상 서로가 없는 곳,45790,77,57,45.0,20.0,0.87,-0.5,1,0,0,0,1,0,0,0,0,0
jisokuryClub She;s not straight,5192,78,45,57.0,63.0,0.87,0.5,1,0,0,0,0,0,0,1,0,0
박서진 왜 돌아보오,8809,122,47,86.0,3.0,0.0,1.0,1,0,0,0,0,0,1,0,0,0
하이라이트 BODY,69654,127,82,70.0,1.0,-0.5,-0.87,0,0,1,0,0,0,0,0,0,0
DK(디셈버) 영원,8447,166,49,28.0,41.0,-0.87,0.5,0,0,0,0,0,1,0,0,0,0
V FRI(END)S,161438,53,60,47.0,3.0,1.0,0.0,1,0,0,0,0,0,0,0,0,0
더보이즈 Nectar,79426,121,80,66.0,11.0,1.0,0.0,1,0,1,0,0,0,0,0,0,0
YOUNG POSSE (영파씨) XXL,2798,93,82,77.0,1.0,-1.0,-0.0,1,0,0,1,0,0,0,0,0,0
"정우 (JUNGWOO) 이젠 웃으며, 안녕",16568,125,40,43.0,81.0,1.0,0.0,1,0,0,0,0,1,0,0,0,0
김하온 (HAON) 꼴통 (feat. 창모 (CHANGMO)),53863,140,86,64.0,16.0,-0.5,0.87,0,0,0,1,0,0,0,0,0,0
폴킴 좋아해요,156337,120,42,54.0,86.0,0.0,1.0,1,0,0,0,0,1,0,0,0,0
김나영 일기,60347,98,26,36.0,92.0,-0.87,0.5,1,0,0,0,0,1,0,0,0,0
김호중 그대... 떠나도,46623,122,34,34.0,85.0,-0.5,-0.87,0,0,0,0,0,1,0,0,0,0
10CM 티라미수 케익,184617,122,48,53.0,45.0,-0.87,-0.5,1,0,0,0,0,0,0,1,0,0
"Pagaehun (박태훈), 깐병 (KKANBYEONGZ) Play With Me",1478,132,84,71.0,10.0,-0.87,-0.5,1,0,1,0,0,0,0,0,0,0
우기 (YUQI) FREAK,12963,120,82,81.0,8.0,0.0,-1.0,1,0,1,0,0,0,0,0,0,0
차노을 Happy (Prod. Hedyy),3589,84,74,89.0,50.0,-0.5,-0.87,1,0,0,1,0,0,0,0,0,0
임영웅 온기,147431,171,23,35.0,79.0,0.0,-1.0,1,0,1,0,0,0,0,0,0,0
유회승 (엔플라잉) 그랬나봐,5240,134,40,49.0,62.0,0.87,-0.5,1,0,0,0,0,1,0,0,0,0
양홍원 JEALOUSYVALHALLA,49652,98,70,88.0,47.0,-0.87,-0.5,0,0,0,1,0,0,0,0,0,0
박재범 Taxi Blurr (Feat. 나띠 of KISS OF LIFE),113949,144,60,64.0,7.0,0.5,0.87,0,0,0,0,0,0,0,0,0,0
ATEEZ(에이티즈) WORK,26255,100,89,58.0,4.0,-1.0,-0.0,0,0,1,0,0,0,0,0,0,0
AKMU (악뮤) Hero,236011,136,43,66.0,62.0,0.87,0.5,1,0,0,0,0,0,0,0,1,0
데이먼스 이어 (Damons year) 죽지 않은 연인에게,47680,166,46,41.0,46.0,-0.5,0.87,1,0,0,0,0,0,0,1,0,0
볼빨간사춘기 Lips (Feat. 지젤 of aespa),256554,63,67,26.0,0.0,-0.87,-0.5,0,0,0,0,0,0,0,1,0,0
H1-KEY (하이키) 뜨거워지자 (Let It Burn),6389,179,48,52.0,23.0,0.0,1.0,0,0,1,0,0,0,0,0,0,0
연변대학최씨 바람이 불지 않은 것처럼,608,170,66,55.0,81.0,0.0,1.0,0,0,0,0,0,1,0,0,0,0
츄 (CHUU) Strawberry Rush,11807,158,84,59.0,15.0,-1.0,-0.0,1,0,1,0,0,0,0,0,0,0
황인욱 플러팅,11538,134,67,40.0,32.0,-1.0,-0.0,1,0,0,0,0,1,0,0,0,0
IVE (아이브) LOVE DIVE,122601,118,71,70.0,0.0,-0.5,0.87,0,0,1,0,0,0,0,0,0,1
i-dle (아이들) TOMBOY,143106,124,87,76.0,1.0,-0.5,0.87,0,0,0,0,1,0,0,0,0,1
김민석 취중고백,21014,122,45,56.0,58.0,0.0,1.0,1,0,0,0,0,1,0,0,0,1
멜로망스 사랑인가 봐,88639,172,73,40.0,51.0,1.0,0.0,1,0,0,0,0,1,0,0,0,1
임영웅 사랑은 늘 도망가,147432,131,44,40.0,65.0,1.0,0.0,1,0,0,0,0,1,0,0,0,1
IVE (아이브) ELEVEN,122601,120,73,83.0,6.0,-0.87,0.5,1,0,1,0,0,0,0,0,0,1
BIGBANG (빅뱅) 봄여름가을겨울 (Still Life),247551,118,58,68.0,44.0,1.0,0.0,1,0,0,0,1,0,0,0,0,1
경서예지 다정히 내 이름을 부르면,8332,144,67,38.0,35.0,-0.87,-0.5,1,0,0,0,0,1,0,0,0,1
싸이 (PSY) That That (prod. & feat. SUGA of BTS),49377,130,96,90.0,3.0,-0.5,0.87,1,0,1,0,0,0,0,0,0,1
BIG Naughty (서동현) 정이라고 하자 (Feat. 10CM),95361,175,57,51.0,22.0,-0.87,-0.5,1,0,0,0,0,0,0,0,0,1
이무진 신호등,70854,97,72,61.0,10.0,-0.87,0.5,0,0,0,0,1,0,0,0,0,1
태연 (TAEYEON) INVU,241680,107,82,60.0,9.0,-1.0,-0.0,0,0,1,0,0,0,0,0,0,1
"sokodomo 회전목마 (Feat. Zion.T, 원슈타인) (Prod. Slom)",15697,108,55,86.0,29.0,-0.5,0.87,0,0,0,1,0,0,0,0,0,1
Red Velvet (레드벨벳) Feel My Rhythm,212597,158,94,41.0,6.0,0.87,0.5,1,0,1,0,0,0,0,0,0,1
NewJeans Hype Boy,185289,100,94,59.0,27.0,-0.87,-0.5,0,0,1,0,0,0,0,0,0,1
박재범 GANADARA (Feat. 아이유),113964,90,62,49.0,20.0,-1.0,-0.0,1,0,0,0,0,0,0,0,0,1
NewJeans Attention,185289,105,65,81.0,24.0,0.87,0.5,0,0,1,0,0,0,0,0,0,1
IVE (아이브) After LIKE,122601,125,92,68.0,10.0,-0.5,-0.87,1,0,1,0,0,0,0,0,0,1
경서 나의 X에게,21469,94,55,70.0,53.0,0.87,-0.5,1,0,0,0,0,1,0,0,0,1
WSG워너비 (가야G) 그때 그 순간 그대로 (그그그),5530,118,79,57.0,21.0,-0.87,-0.5,1,0,0,0,0,1,0,0,0,1
BE'O (비오) LOVE me,60220,148,81,63.0,7.0,-0.5,0.87,1,0,0,1,0,0,0,0,0,1
aespa Next Level,164256,109,85,82.0,49.0,-1.0,-0.0,0,0,1,0,0,0,0,0,0,1
BE'O (비오) 리무진 (Feat. MINO) (Prod. GRAY),60220,132,70,72.0,22.0,-0.87,-0.5,1,0,0,1,0,0,0,0,0,1
아이유 드라마,725838,106,27,85.0,80.0,-0.5,-0.87,1,0,0,0,0,1,0,0,0,1
아이유 strawberry moon,725838,170,71,48.0,14.0,0.5,0.87,1,0,0,0,1,0,0,0,0,1
성시경 너의 모든 순간,114184,140,39,37.0,82.0,0.5,-0.87,1,0,0,0,0,1,0,0,0,1
주호 내가 아니라도,7251,133,50,43.0,4.0,0.0,1.0,1,0,0,0,0,1,0,0,0,1
MSG워너비(M.O.M) 듣고 싶을까,7373,118,90,60.0,55.0,0.0,-1.0,1,0,0,0,0,1,0,0,0,1
주시크 (Joosiq) 너를 생각해,7870,92,57,75.0,67.0,0.5,-0.87,1,0,0,0,0,0,0,0,0,1
방탄소년단 Dynamite,622383,114,77,75.0,1.0,-0.87,0.5,0,0,1,0,0,0,0,0,0,1
WSG워너비(4FIRE) 보고싶었어,2198,170,72,55.0,43.0,-0.87,-0.5,1,0,0,0,0,0,0,0,0,1
YENA (최예나) SMILEY (Feat. BIBI),34849,156,91,65.0,10.0,-0.87,0.5,1,0,1,0,0,0,0,0,0,1
태연 (TAEYEON) Weekend,241680,114,85,74.0,8.0,1.0,0.0,1,0,1,0,0,0,0,0,0,1
LE SSERAFIM (르세라핌) FEARLESS,71313,104,62,86.0,6.0,-0.87,-0.5,1,0,1,0,0,0,0,0,0,1
방탄소년단 Butter,622383,110,46,76.0,0.0,1.0,0.0,1,0,1,0,0,0,0,0,0,1
케이시 (Kassy) 언제나 사랑해,55481,71,72,42.0,40.0,-0.87,-0.5,1,0,0,0,0,1,0,0,0,1
경서 밤하늘의 별을(2020),21469,154,64,58.0,49.0,0.87,-0.5,1,0,0,0,0,1,0,0,0,1
지코 (ZICO) 새삥 (Prod. ZICO) (Feat. 호미들),164968,175,87,78.0,5.0,0.87,0.5,1,0,0,1,0,0,0,0,0,1
BE'O (비오) Counting Stars (Feat. Beenzino),60220,119,50,77.0,0.0,1.0,0.0,1,0,0,1,0,0,0,0,0,1
"폴킴 모든 날, 모든 순간 (Every day, Every Moment)",156360,98,83,81.0,4.0,-0.87,0.5,0,0,0,0,0,1,0,0,0,1
이무진 눈이 오잖아(Feat.헤이즈),70854,96,54,57.0,31.0,1.0,0.0,1,0,0,0,0,1,0,0,0,1
임영웅 이제 나만 믿어요,147432,189,49,27.0,64.0,0.0,1.0,1,0,0,0,0,0,1,0,0,1
디핵 (D-Hack) OHAYO MY NIGHT,24563,190,76,46.0,66.0,0.5,-0.87,0,0,0,1,0,0,0,0,0,1
아이유 내 손을 잡아,725838,96,66,64.0,28.0,-0.87,0.5,1,0,0,0,0,1,0,0,0,1
방탄소년단 Permission to Dance,622383,125,74,70.0,1.0,-0.87,0.5,1,0,1,0,0,0,0,0,0,1
임영웅 우리들의 블루스,147432,131,41,38.0,63.0,0.87,0.5,1,0,0,0,0,1,0,0,0,1
MSG워너비(M.O.M) 바라만 본다,7373,118,74,73.0,4.0,-0.5,-0.87,1,0,0,0,0,1,0,0,0,1
윤하 (YOUNHA) 사건의 지평선,121905,98,86,53.0,8.0,-1.0,-0.0,0,0,0,0,1,0,0,0,0,1
GOT the beat Step Back,12304,162,81,64.0,2.0,0.87,0.5,1,0,1,0,0,0,0,0,0,1
아이유 Celebrity,725838,100,78,73.0,19.0,-0.87,0.5,1,0,1,0,0,0,0,0,0,1
i-dle (아이들) MY BAG,143106,188,82,74.0,9.0,0.0,1.0,0,0,0,1,0,0,0,0,0,1
aespa Savage,164256,147,88,73.0,12.0,-0.87,0.5,1,0,1,0,0,0,0,0,0,1
나연 (TWICE) POP!,27134,137,71,67.0,1.0,0.87,0.5,1,0,1,0,0,0,0,0,0,1
10CM 그라데이션,184561,104,65,63.0,18.0,0.0,1.0,1,0,0,0,0,0,0,1,0,1
탑현 호랑수월가,7978,105,35,65.0,82.0,0.5,-0.87,0,0,0,0,0,1,0,0,0,1
아이유 라일락,725838,115,89,74.0,9.0,0.0,-1.0,0,0,1,0,0,0,0,0,0,1
방탄소년단 봄날,622383,107,85,54.0,1.0,1.0,0.0,1,0,0,1,0,0,0,0,0,1
BE'O (비오) 문득,60220,105,52,86.0,56.0,-0.87,0.5,1,0,0,1,0,0,0,0,0,1
aespa Dreams Come True,164256,99,90,69.0,7.0,-0.5,-0.87,1,0,1,0,0,0,0,0,0,1
"AKMU (악뮤) 어떻게 이별까지 사랑하겠어, 널 사랑하는 거지",236034,129,25,52.0,91.0,0.0,-1.0,1,0,0,0,0,1,0,0,0,1
볼빨간사춘기 Love story,256581,114,82,87.0,43.0,-0.5,0.87,1,0,0,0,0,0,0,1,0,1
베이식 (Basick) 만남은 쉽고 이별은 어려워 (Feat. Leellamarz) (Prod. TOIL),14126,154,79,55.0,5.0,-1.0,-0.0,1,0,0,1,0,0,0,0,0,1
"호미들 사이렌 Remix (Feat. UNEDUCATED KID, Paul Blanco)",43876,140,54,74.0,72.0,-0.5,0.87,1,0,0,1,0,0,0,0,0,1
주시크 (Joosiq) 아무래도 난,7870,100,56,73.0,35.0,-0.5,0.87,1,0,0,0,0,0,0,0,0,1
아이유 Blueming,725838,106,67,82.0,8.0,-0.5,-0.87,1,0,0,0,1,0,0,0,0,1
마크툽 (MAKTUB) 찰나가 영원이 될 때 (The Eternal Moment),39957,50,56,22.0,68.0,0.87,-0.5,1,0,0,0,0,0,0,0,0,1
STAYC(스테이씨) RUN2U,55363,130,68,72.0,0.0,-1.0,-0.0,0,0,1,0,0,0,0,0,0,1
멜로망스 고백,88639,120,55,46.0,60.0,0.5,-0.87,1,0,0,0,0,1,0,0,0,1
ITZY (있지) SNEAKERS,64562,120,85,94.0,2.0,-0.87,-0.5,1,0,1,0,0,0,0,0,0,1
브레이브걸스 롤린 (Rollin'),49271,125,86,69.0,3.0,0.87,0.5,1,0,1,0,0,0,0,0,0,1
헤이즈 (Heize) 헤픈 우연,164338,113,67,70.0,17.0,-0.5,-0.87,0,0,0,0,0,0,0,0,0,1
NewJeans Cookie,185288,157,64,85.0,6.0,-0.5,-0.87,1,0,1,0,0,0,0,0,0,1
임영웅 다시 만날 수 있을까,147432,130,39,40.0,75.0,0.87,0.5,1,0,0,0,0,1,0,0,0,1
소녀시대 (GIRLS' GENERATION) FOREVER 1,76942,124,87,62.0,4.0,-0.87,0.5,1,0,1,0,0,0,0,0,0,1
아이유 겨울잠,725839,68,24,54.0,82.0,-0.5,-0.87,1,0,0,0,0,1,0,0,0,1
BLACKPINK Shut Down,225911,110,70,81.0,0.0,-0.5,-0.87,1,0,0,1,0,0,0,0,0,1
i-dle (아이들) Nxde,143106,136,91,73.0,4.0,-0.5,-0.87,1,0,1,0,0,0,0,0,0,1
오마이걸 (OH MY GIRL) Dun Dun Dance,119576,115,96,66.0,17.0,-0.5,0.87,0,0,1,0,0,0,0,0,0,1
10CM 서랍,184561,84,47,36.0,75.0,-0.87,-0.5,1,0,0,0,0,1,0,0,0,1
aespa 도깨비불 (Illusion),164256,90,72,75.0,8.0,0.0,-1.0,0,0,1,0,0,0,0,0,0,1
"자우림 스물다섯, 스물하나",39263,157,50,25.0,18.0,-0.5,-0.87,1,0,0,0,1,0,0,0,0,1
LE SSERAFIM (르세라핌) ANTIFRAGILE,71313,105,78,88.0,8.0,0.87,0.5,0,0,1,0,0,0,0,0,0,1
케이시 (Kassy) 늦은 밤 헤어지긴 너무 아쉬워,55481,97,63,81.0,24.0,-0.5,-0.87,1,0,0,0,0,1,0,0,0,1
AKMU (악뮤) 낙하 (with 아이유),236034,101,64,82.0,7.0,0.87,0.5,0,0,0,0,1,0,0,0,0,1
제시 (Jessi) ZOOM,26739,100,60,87.0,1.0,0.5,0.87,1,0,0,1,0,0,0,0,0,1
aespa Girls,164256,172,97,57.0,12.0,0.5,0.87,0,0,1,0,0,0,0,0,0,1
Crush Rush Hour (Feat. j-hope of BTS),193733,95,71,75.0,16.0,-0.5,-0.87,1,0,0,0,0,0,0,0,0,1
김승민 내 기쁨은 너가 벤틀리를 끄는 거야,35958,100,61,69.0,52.0,-0.87,0.5,0,0,0,1,0,0,0,0,0,1
"휘인 (Whee In) 너, 너 (N번째 연애 X 휘인 (Whee In))",40867,138,48,43.0,45.0,-0.87,0.5,0,0,0,0,0,1,0,0,0,1
방탄소년단 Yet To Come,622383,172,89,56.0,4.0,0.87,0.5,1,0,0,1,0,0,0,0,0,1
V Christmas Tree,161467,139,38,44.0,70.0,0.0,-1.0,1,0,0,0,0,1,0,0,0,1
임영웅 무지개,147432,96,89,64.0,4.0,1.0,0.0,1,0,0,0,1,0,0,0,0,1
테이 Monologue,11655,79,75,48.0,18.0,-0.5,0.87,0,0,0,0,0,1,0,0,0,1
마크툽 (MAKTUB) 오늘도 빛나는 너에게 (To You My Light) (Feat.이라온),39957,150,57,51.0,24.0,0.0,-1.0,1,0,0,0,0,0,0,0,0,1
원슈타인 존재만으로,34636,100,60,42.0,54.0,-0.87,-0.5,1,0,0,1,0,0,0,0,0,1
산들 취기를 빌려 (취향저격 그녀 X 산들),22343,94,45,70.0,77.0,0.87,0.5,1,0,0,0,0,1,0,0,0,1
비비 (BIBI) 우리가 헤어져야 했던 이유,66698,122,44,59.0,70.0,-0.5,-0.87,1,0,0,0,0,1,0,0,0,1
정동하 추억은 만남보다 이별에 남아,10554,134,55,52.0,75.0,0.5,-0.87,1,0,0,0,0,1,0,0,0,1
NewJeans Ditto,185287,134,64,81.0,3.0,-0.87,0.5,0,0,1,0,0,0,0,0,0,1
NewJeans Hype Boy,185287,100,94,59.0,27.0,-0.87,-0.5,0,0,1,0,0,0,0,0,0,1
IVE (아이브) I AM,122600,122,88,68.0,1.0,-0.87,-0.5,0,0,1,0,0,0,0,0,0,1
NewJeans OMG,185287,127,77,80.0,36.0,-0.5,-0.87,0,0,1,0,0,0,0,0,0,1
윤하 (YOUNHA) 사건의 지평선,121905,98,86,53.0,8.0,-1.0,-0.0,0,0,0,0,1,0,0,0,0,1
IVE (아이브) Kitsch,122600,102,79,80.0,1.0,0.0,1.0,1,0,1,0,0,0,0,0,0,1
i-dle (아이들) 퀸카 (Queencard),143107,130,83,82.0,3.0,-0.87,-0.5,0,0,1,0,0,0,0,0,0,1
NewJeans Attention,185287,105,65,81.0,24.0,0.87,0.5,0,0,1,0,0,0,0,0,0,1
박재정 헤어지자 말해요,23546,136,49,49.0,74.0,0.0,-1.0,1,0,0,0,0,1,0,0,0,1
IVE (아이브) After LIKE,122600,125,92,68.0,10.0,-0.5,-0.87,1,0,1,0,0,0,0,0,0,1
aespa Spicy,164253,115,90,76.0,1.0,-1.0,-0.0,0,0,1,0,0,0,0,0,0,1
LE SSERAFIM (르세라핌) ANTIFRAGILE,71313,105,78,88.0,8.0,0.87,0.5,0,0,1,0,0,0,0,0,0,1
IVE (아이브) LOVE DIVE,122600,118,71,70.0,0.0,-0.5,0.87,0,0,1,0,0,0,0,0,0,1
NewJeans Super Shy,185287,150,82,78.0,18.0,1.0,0.0,0,0,1,0,0,0,0,0,0,1
부석순 (SEVENTEEN) 파이팅 해야지 (Feat. 이영지),74497,152,86,71.0,10.0,-1.0,-0.0,0,0,1,0,0,0,0,0,0,1
LE SSERAFIM (르세라핌) UNFORGIVEN (feat. Nile Rodgers),71313,104,88,80.0,11.0,-0.87,-0.5,0,0,1,0,0,0,0,0,0,1
지수 (JISOO) 꽃,28569,124,39,84.0,3.0,-0.5,-0.87,0,0,1,0,0,0,0,0,0,1
임영웅 사랑은 늘 도망가,147427,131,44,40.0,65.0,1.0,0.0,1,0,0,0,0,1,0,0,0,1
성시경 너의 모든 순간,114182,140,39,37.0,82.0,0.5,-0.87,1,0,0,0,0,1,0,0,0,1
멜로망스 사랑인가 봐,88639,172,73,40.0,51.0,1.0,0.0,1,0,0,0,0,1,0,0,0,1
STAYC(스테이씨) Teddy Bear,55363,119,91,76.0,11.0,-0.87,-0.5,1,0,1,0,0,0,0,0,0,1
정국 Seven (feat. Latto) - Clean Ver.,177818,125,83,79.0,28.0,-0.5,0.87,0,0,1,0,0,0,0,0,0,1
DK(디셈버) 심(心),8442,144,48,40.0,26.0,0.0,1.0,0,0,0,0,1,0,0,0,0,1
"LE SSERAFIM (르세라핌) 이브, 프시케 그리고 푸른 수염의 아내",71313,143,87,72.0,2.0,-0.5,0.87,0,0,1,0,0,0,0,0,0,1
NCT DREAM Candy,233681,120,96,65.0,5.0,0.87,0.5,1,0,1,0,0,0,0,0,0,1
NewJeans ETA,185287,135,75,81.0,11.0,0.87,0.5,0,0,1,0,0,0,0,0,0,1
김민석 취중고백,21014,122,45,56.0,58.0,0.0,1.0,1,0,0,0,0,1,0,0,0,1
세븐틴 (SEVENTEEN) 손오공,323681,137,60,68.0,1.0,0.87,0.5,1,0,1,0,0,0,0,0,0,1
i-dle (아이들) Nxde,143107,136,91,73.0,4.0,-0.5,-0.87,1,0,1,0,0,0,0,0,0,1
AKMU (악뮤) Love Lee,236034,100,53,91.0,45.0,1.0,0.0,0,0,0,0,0,0,0,0,1,1
임영웅 우리들의 블루스,147427,131,41,38.0,63.0,0.87,0.5,1,0,0,0,0,1,0,0,0,1
테이 Monologue,11655,79,75,48.0,18.0,-0.5,0.87,0,0,0,0,0,1,0,0,0,1
방탄소년단 Dynamite,622383,114,77,75.0,1.0,-0.87,0.5,0,0,1,0,0,0,0,0,0,1
경서예지 다정히 내 이름을 부르면,8332,144,67,38.0,35.0,-0.87,-0.5,1,0,0,0,0,1,0,0,0,1
i-dle (아이들) TOMBOY,143107,124,87,76.0,1.0,-0.5,0.87,0,0,0,0,1,0,0,0,0,1
H1-KEY (하이키) 건물 사이에 피어난 장미 (Rose Blossom),6390,188,48,57.0,0.0,0.5,0.87,1,0,1,0,0,0,0,0,0,1
임영웅 다시 만날 수 있을까,147427,130,39,40.0,75.0,0.87,0.5,1,0,0,0,0,1,0,0,0,1
허각 물론,51109,79,35,48.0,82.0,0.5,0.87,0,0,0,0,0,1,0,0,0,1
지코 (ZICO) 새삥 (Prod. ZICO) (Feat. 호미들),164968,175,87,78.0,5.0,0.87,0.5,1,0,0,1,0,0,0,0,0,1
임한별 사랑하지 않아서 그랬어,23406,128,62,38.0,45.0,-0.5,0.87,1,0,0,0,0,1,0,0,0,1
방탄소년단 봄날,622383,107,85,54.0,1.0,1.0,0.0,1,0,0,1,0,0,0,0,0,1
태양 VIBE (feat. Jimin of BTS),65085,100,67,79.0,7.0,-0.5,-0.87,1,0,1,0,0,0,0,0,0,1
방탄소년단 Butter,622383,110,46,76.0,0.0,1.0,0.0,1,0,1,0,0,0,0,0,0,1
BLACKPINK Shut Down,225911,110,70,81.0,0.0,-0.5,-0.87,1,0,0,1,0,0,0,0,0,1
10CM 그라데이션,184560,104,65,63.0,18.0,0.0,1.0,1,0,0,0,0,0,0,1,0,1
주호 내가 아니라도,7251,133,50,43.0,4.0,0.0,1.0,1,0,0,0,0,1,0,0,0,1
AKMU (악뮤) 후라이의 꿈,236034,125,56,85.0,14.0,-1.0,-0.0,1,0,0,0,0,0,0,0,1,1
FIFTY FIFTY Cupid,15976,120,65,78.0,32.0,-1.0,-0.0,0,0,1,0,0,0,0,0,0,1
"폴킴 모든 날, 모든 순간 (Every day, Every Moment)",156360,133,29,47.0,86.0,1.0,0.0,1,0,0,0,0,1,0,0,0,1
임영웅 이제 나만 믿어요,147427,189,49,27.0,64.0,0.0,1.0,1,0,0,0,0,0,1,0,0,1
우디 (Woody) Say I Love You,12696,136,58,67.0,81.0,0.0,1.0,1,0,0,0,0,1,0,0,0,1
우디 (Woody) 사막에서 꽃을 피우듯,12696,124,40,44.0,62.0,0.87,0.5,1,0,0,0,0,1,0,0,0,1
BIG Naughty (서동현) 정이라고 하자 (Feat. 10CM),95360,175,57,51.0,22.0,-0.87,-0.5,1,0,0,0,0,0,0,0,0,1
BLACKPINK Pink Venom,225911,180,75,68.0,1.0,-0.5,0.87,1,0,0,1,0,0,0,0,0,1
IVE (아이브) ELEVEN,122600,120,73,83.0,6.0,-0.87,0.5,1,0,1,0,0,0,0,0,0,1
LE SSERAFIM (르세라핌) FEARLESS,71313,104,62,86.0,6.0,-0.87,-0.5,1,0,1,0,0,0,0,0,0,1
잔나비 주저하는 연인들을 위해,156342,74,43,52.0,71.0,0.5,-0.87,1,0,0,0,0,0,0,1,0,1
이영지 NOT SORRY (Feat. pH-1) (Prod. by Slom),48515,95,61,86.0,47.0,0.0,-1.0,1,0,0,1,0,0,0,0,0,1
NewJeans Cookie,185287,157,64,85.0,6.0,-0.5,-0.87,1,0,1,0,0,0,0,0,0,1
지아 사랑하기 싫어,37699,134,69,44.0,73.0,0.0,-1.0,1,0,0,0,0,1,0,0,0,1
임영웅 무지개,147427,96,89,64.0,4.0,1.0,0.0,1,0,0,0,1,0,0,0,0,1
WSG워너비 (가야G) 그때 그 순간 그대로 (그그그),5530,118,79,57.0,21.0,-0.87,-0.5,1,0,0,0,0,1,0,0,0,1
임영웅 London Boy,147427,133,87,51.0,37.0,-1.0,-0.0,1,0,0,0,1,0,0,0,0,1
Zior Park CHRISTIAN,18264,132,67,87.0,4.0,0.0,1.0,1,0,0,0,1,0,0,0,0,1
임영웅 아버지,147427,140,36,31.0,77.0,-0.87,-0.5,1,0,0,0,0,1,0,0,0,1
임영웅 Polaroid,147427,103,74,70.0,56.0,-0.5,-0.87,1,0,0,0,1,0,0,0,0,1
윤하 (YOUNHA) 오르트구름,121905,128,82,72.0,2.0,-0.87,-0.5,0,0,0,0,1,0,0,0,0,1
지아 사랑..그게 뭔데,37699,136,70,46.0,69.0,-1.0,-0.0,1,0,0,0,0,1,0,0,0,1
방탄소년단 Permission to Dance,622383,125,74,70.0,1.0,-0.87,0.5,1,0,1,0,0,0,0,0,0,1
"다이나믹 듀오 Smoke (Prod. Dynamicduo, Padi)",75911,98,82,77.0,3.0,-1.0,-0.0,0,0,0,1,0,0,0,0,0,1
"AKMU (악뮤) 어떻게 이별까지 사랑하겠어, 널 사랑하는 거지",236034,129,25,52.0,91.0,0.0,-1.0,1,0,0,0,0,1,0,0,0,1
경서 나의 X에게,21468,94,55,70.0,53.0,0.87,-0.5,1,0,0,0,0,1,0,0,0,1
Paul Blanco Summer (Feat. BE’O (비오)),27046,158,73,70.0,21.0,-0.87,-0.5,0,0,0,1,0,0,0,0,0,1
Agust D 사람 Pt.2 (feat. 아이유),122387,85,84,70.0,31.0,-0.87,-0.5,1,0,0,0,0,0,0,0,0,1
임영웅 인생찬가,147427,140,52,28.0,75.0,-0.87,-0.5,1,0,0,0,0,1,0,0,0,1
Crush Rush Hour (Feat. j-hope of BTS),193732,95,71,75.0,16.0,-0.5,-0.87,1,0,0,0,0,0,0,0,0,1
임재현 Heaven(2023),15349,124,54,51.0,38.0,-0.87,-0.5,1,0,0,0,0,1,0,0,0,1
지민 Like Crazy,143010,120,73,63.0,0.0,-0.87,-0.5,1,0,1,0,0,0,0,0,0,1
송하예 그대를 알고,17228,132,55,61.0,75.0,-0.87,-0.5,1,0,0,0,0,1,0,0,0,1
NMIXX Love Me Like This,49848,97,81,80.0,1.0,0.0,1.0,0,0,1,0,0,0,0,0,0,1
주호 잘가요,7251,134,51,45.0,12.0,-0.5,0.87,1,0,0,0,0,1,0,0,0,1
경서 밤하늘의 별을(2020),21468,154,64,58.0,49.0,0.87,-0.5,1,0,0,0,0,1,0,0,0,1
임영웅 A bientot,147427,74,73,61.0,27.0,-0.5,-0.87,1,0,0,1,0,0,0,0,0,1
백아 첫사랑,18013,134,28,47.0,81.0,-0.5,-0.87,0,0,0,0,0,0,0,1,0,1
10CM 딱 10CM만,184560,92,74,69.0,35.0,-1.0,-0.0,1,0,0,0,0,0,0,0,0,1
"로이킴 잘 지내자, 우리 (여름날 우리 X 로이킴)",73553,76,36,36.0,67.0,0.0,1.0,1,0,0,0,0,1,0,0,0,1
i-dle (아이들) Allergy,143107,165,92,59.0,5.0,0.0,-1.0,1,0,1,0,0,0,0,0,0,1
탑현 나에게 그대만이,7977,69,38,50.0,64.0,0.0,1.0,1,0,0,0,0,1,0,0,0,1
이무진 잠깐 시간 될까,70850,106,78,64.0,60.0,-0.5,-0.87,1,0,0,0,1,0,0,0,0,1
BE'O (비오) LOVE me,60220,148,81,63.0,7.0,-0.5,0.87,1,0,0,1,0,0,0,0,0,1
성시경 희재,114182,120,50,46.0,42.0,-0.5,0.87,1,0,0,0,0,1,0,0,0,1
임한별 떠나보낼 준비해 둘걸 그랬어,23406,128,61,36.0,47.0,-0.87,-0.5,1,0,0,0,0,1,0,0,0,1
싸이 (PSY) That That (prod. & feat. SUGA of BTS),49377,130,96,90.0,3.0,-0.5,0.87,1,0,1,0,0,0,0,0,0,1
BE'O (비오) 자격지심 (Feat. ZICO),60220,108,78,88.0,15.0,1.0,0.0,0,0,0,1,0,0,0,0,0,1
BIGBANG (빅뱅) 봄여름가을겨울 (Still Life),247550,118,58,68.0,44.0,1.0,0.0,1,0,0,0,1,0,0,0,0,1
임재현 사랑에 연습이 있었다면 (Prod. 2soo),15349,136,33,59.0,42.0,-0.87,-0.5,1,0,0,0,0,1,0,0,0,1
케이시 (Kassy) 그때가 좋았어,55481,134,45,62.0,70.0,-0.87,-0.5,1,0,0,0,0,1,0,0,0,1
방탄소년단 작은 것들을 위한 시 (Boy With Luv) (Feat. Halsey),622382,120,86,65.0,9.0,-1.0,-0.0,0,0,1,0,0,0,0,0,0,1
엠씨더맥스 (M.C the MAX) 넘쳐흘러,102855,132,53,43.0,66.0,-0.87,0.5,1,0,0,0,0,1,0,0,0,1
"폴킴 모든 날, 모든 순간 (Every day, Every Moment)",156360,133,29,47.0,86.0,1.0,0.0,1,0,0,0,0,1,0,0,0,1
폴킴 너를 만나,156360,144,29,35.0,79.0,-0.5,-0.87,1,0,0,0,0,1,0,0,0,1
태연 (TAEYEON) 사계 (Four Seasons),241680,174,77,60.0,5.0,0.5,0.87,1,0,0,0,0,1,0,0,0,1
잔나비 주저하는 연인들을 위해,156346,74,43,52.0,71.0,0.5,-0.87,1,0,0,0,0,0,0,1,0,1
송하예 니 소식,17228,134,61,42.0,70.0,0.0,1.0,1,0,0,0,0,1,0,0,0,1
마크툽 (MAKTUB) 오늘도 빛나는 너에게 (To You My Light) (Feat.이라온),39957,150,57,51.0,24.0,0.0,-1.0,1,0,0,0,0,0,0,0,0,1
청하 벌써 12시,90064,102,83,53.0,7.0,0.5,0.87,0,0,1,0,0,0,0,0,0,1
장혜진 술이 문제야,7247,128,62,56.0,71.0,1.0,0.0,1,0,0,0,0,1,0,0,0,1
엔플라잉 (N.Flying) 옥탑방 (Rooftop),50838,97,90,69.0,53.0,-0.5,-0.87,1,0,0,0,1,0,0,0,0,1
ITZY (있지) 달라달라,64561,125,63,79.0,0.0,-1.0,-0.0,0,0,1,0,0,0,0,0,0,1
장범준 노래방에서,98923,104,65,60.0,21.0,0.87,-0.5,0,0,0,0,1,0,0,0,0,1
우디 (Woody) 이 노래가 클럽에서 나온다면,12696,86,44,63.0,89.0,-0.87,0.5,0,0,0,1,0,0,0,0,0,1
황인욱 포장마차,11539,132,50,46.0,62.0,-1.0,-0.0,1,0,0,0,0,1,0,0,0,1
엠씨더맥스 (M.C the MAX) 사계 (하루살이),102855,136,55,34.0,48.0,-0.5,0.87,1,0,0,0,0,1,0,0,0,1
폴킴 안녕,156360,131,29,49.0,81.0,-0.5,-0.87,1,0,0,0,0,1,0,0,0,1
벤 180도,74548,134,52,52.0,67.0,0.87,0.5,1,0,0,0,0,1,0,0,0,1
다비치 너에게 못했던 내 마지막 말은,112604,88,57,50.0,75.0,-1.0,-0.0,1,0,0,0,0,1,0,0,0,1
하은 (포맨) 신용재,9037,128,56,54.0,78.0,0.0,-1.0,1,0,0,0,0,1,0,0,0,1
장범준 흔들리는 꽃들 속에서 네 샴푸향이 느껴진거야,98923,100,77,67.0,32.0,0.0,1.0,1,0,0,0,1,0,0,0,0,1
"AKMU (악뮤) 어떻게 이별까지 사랑하겠어, 널 사랑하는 거지",236034,129,25,52.0,91.0,0.0,-1.0,1,0,0,0,0,1,0,0,0,1
김나영 솔직하게 말해서 나,60342,132,56,48.0,70.0,0.5,0.87,1,0,0,0,0,1,0,0,0,1
첸 (CHEN) 사월이 지나면 우리 헤어져요 (Beautiful goodbye),74660,130,26,56.0,93.0,0.87,-0.5,1,0,0,0,0,1,0,0,0,1
TWICE (트와이스) FANCY,172686,132,87,70.0,1.0,1.0,0.0,0,0,1,0,0,0,0,0,0,1
벤 헤어져줘서 고마워,74548,134,64,58.0,86.0,-1.0,-0.0,0,0,0,0,0,1,0,0,0,1
먼데이 키즈 (Monday Kiz) 사랑이 식었다고 말해도 돼,36997,134,48,49.0,81.0,-0.5,0.87,1,0,0,0,0,1,0,0,0,1
HYNN (박혜원) 시든 꽃에 물을 주듯,38818,133,43,42.0,59.0,0.87,0.5,1,0,0,0,0,1,0,0,0,1
폴킴 초록빛,156360,125,43,42.0,59.0,-0.5,-0.87,1,0,0,0,0,1,0,0,0,1
거미 (GUMMY) 기억해줘요 내 모든 날과 그때를,53908,136,53,39.0,80.0,-0.5,0.87,1,0,0,0,0,1,0,0,0,1
태연 (TAEYEON) 그대라는 시,241680,136,29,53.0,91.0,-0.87,0.5,1,0,0,0,0,1,0,0,0,1
숀 (SHAUN) Way Back Home,25129,106,75,74.0,27.0,0.5,-0.87,1,0,0,0,0,0,0,1,0,1
방탄소년단 봄날,622382,107,85,54.0,1.0,1.0,0.0,1,0,0,1,0,0,0,0,0,1
방탄소년단 IDOL,622382,126,86,73.0,0.0,-0.87,0.5,1,0,0,1,0,0,0,0,0,1
화사 (HWASA) 멍청이(twit),53448,136,81,68.0,12.0,1.0,0.0,0,0,1,0,0,0,0,0,0,1
이소라 신청곡 (Feat. SUGA of BTS),35614,176,59,48.0,71.0,-1.0,-0.0,1,0,0,0,0,1,0,0,0,1
Jvcki Wai 띵 (Prod. By 기리보이),41420,154,77,83.0,28.0,0.87,-0.5,0,0,0,1,0,0,0,0,0,1
윤건 너도 그냥 날 놓아주면 돼,11516,140,50,48.0,57.0,0.87,0.5,1,0,0,0,0,1,0,0,0,1
장범준 당신과는 천천히,98923,120,55,59.0,23.0,-0.5,-0.87,0,0,0,0,1,0,0,0,0,1
BLACKPINK Kill This Love,225911,132,84,76.0,32.0,0.0,-1.0,0,0,0,1,0,0,0,0,0,1
임한별 이별하러 가는 길,23406,132,56,29.0,54.0,-0.5,0.87,1,0,0,0,0,1,0,0,0,1
제니 (JENNIE) SOLO,56766,95,64,75.0,9.0,0.5,0.87,0,0,0,1,0,0,0,0,0,1
폴킴 비,156360,130,55,39.0,90.0,1.0,0.0,1,0,0,0,0,0,0,0,0,1
케이윌 내 생에 아름다운,76250,128,47,43.0,75.0,0.87,-0.5,1,0,0,0,0,1,0,0,0,1
TWICE (트와이스) YES or YES,172686,138,91,70.0,5.0,0.0,1.0,1,0,1,0,0,0,0,0,0,1
EXO Love Shot,296484,146,68,69.0,7.0,1.0,0.0,0,0,1,0,0,0,0,0,0,1
박효신 Goodbye,211129,129,41,33.0,71.0,-0.87,-0.5,1,0,0,0,0,1,0,0,0,1
볼빨간사춘기 별 보러 갈래?,256581,98,74,65.0,64.0,-0.5,0.87,1,0,0,0,0,0,0,1,0,1
백예린 (Yerin Baek) 그건 아마 우리의 잘못은 아닐 거야,193991,96,48,68.0,32.0,0.0,-1.0,1,0,0,0,0,0,0,0,0,1
에픽하이 (EPIK HIGH) 술이 달다 (Feat. Crush),92753,90,70,73.0,53.0,-0.87,-0.5,1,0,0,1,0,0,0,0,0,1
MINO (송민호) 아낙네,73462,140,74,66.0,3.0,0.0,-1.0,1,0,0,1,0,0,0,0,0,1
임재현 조금 취했어 (Prod. 2soo),15349,135,44,51.0,16.0,0.0,-1.0,1,0,0,0,0,1,0,0,0,1
볼빨간사춘기 워커홀릭,256581,108,77,73.0,35.0,-1.0,-0.0,0,0,0,0,0,0,0,1,0,1
아이유 삐삐,725837,144,62,84.0,24.0,-0.87,-0.5,1,0,0,0,0,0,0,0,0,1
양다일 고백,59241,73,45,52.0,63.0,-0.87,-0.5,1,0,0,0,0,1,0,0,0,1
WINNER MILLIONS,148974,109,68,84.0,4.0,1.0,0.0,1,0,1,0,0,0,0,0,0,1
전상근 사랑이란 멜로는 없어,16151,138,48,42.0,79.0,-0.5,0.87,1,0,0,0,0,1,0,0,0,1
닐로(Nilo) 지나오다,18251,114,31,65.0,88.0,-0.87,-0.5,1,0,0,0,0,1,0,0,0,1
허각 흔한 이별,51109,80,41,58.0,71.0,-0.5,0.87,1,0,0,0,0,1,0,0,0,1
멜로망스 인사,88639,85,43,52.0,67.0,1.0,0.0,1,0,0,0,0,1,0,0,0,1
마마무 (Mamamoo) 고고베베 (gogobebe),178266,97,79,70.0,11.0,-0.5,-0.87,1,0,1,0,0,0,0,0,0,1
바이브 가을 타나 봐,31211,176,60,42.0,65.0,1.0,0.0,1,0,0,0,0,1,0,0,0,1
케이시 (Kassy) 가을밤 떠난 너,55481,130,53,45.0,63.0,-0.87,-0.5,0,0,0,0,0,1,0,0,0,1
박봄 (Park Bom) 봄 (feat. 산다라박),16494,150,80,55.0,19.0,0.5,-0.87,0,0,0,0,0,0,0,0,0,1
벤 열애중,74548,134,41,42.0,68.0,0.87,0.5,0,0,0,0,0,1,0,0,0,1
방탄소년단 소우주 (Mikrokosmos),622382,174,86,58.0,13.0,1.0,0.0,1,0,0,0,0,0,0,0,0,1
아이유 밤편지,725837,79,31,43.0,76.0,1.0,0.0,1,0,0,0,0,1,0,0,0,1
케이시 (Kassy) 진심이 담긴 노래 (True Song),55481,140,42,40.0,79.0,0.87,-0.5,0,0,0,0,0,1,0,0,0,1
노을 너는 어땠을까,38158,130,41,55.0,57.0,-0.87,0.5,1,0,0,0,0,1,0,0,0,1
10CM 나의 어깨에 기대어요,184561,125,36,39.0,68.0,0.5,0.87,1,0,0,0,0,1,0,0,0,1
헤이즈 (Heize) 내 맘을 볼 수 있나요,164338,135,17,40.0,88.0,-0.87,0.5,1,0,0,0,0,1,0,0,0,1
아이유 Love poem,725837,120,47,40.0,74.0,0.0,1.0,1,0,0,0,1,0,0,0,0,1
EXO Tempo,296484,116,84,69.0,24.0,-0.5,-0.87,1,0,1,0,0,0,0,0,0,1
휘인 (Whee In) 헤어지자 (Prod. 정키),40867,80,63,59.0,24.0,0.87,0.5,0,0,0,0,0,1,0,0,0,1
노을 늦은 밤 너의 집 앞 골목길에서,38158,67,46,48.0,67.0,0.5,0.87,1,0,0,0,0,1,0,0,0,1
TWICE (트와이스) Dance The Night Away,172686,118,86,71.0,11.0,-0.5,-0.87,1,0,1,0,0,0,0,0,0,1
임창정 하루도 그대를 사랑하지 않은 적이 없었다,80338,144,68,55.0,48.0,0.0,-1.0,1,0,0,0,0,1,0,0,0,1
송하예 새 사랑,17228,130,39,63.0,84.0,0.5,-0.87,1,0,0,0,0,1,0,0,0,1
벤 내 목소리 들리니,74548,138,59,51.0,82.0,-0.5,-0.87,1,0,0,0,0,1,0,0,0,1
pH-1 Good Day (Feat. 팔로알토) (Prod. 코드 쿤스트),71644,127,93,90.0,0.0,0.87,0.5,1,0,0,1,0,0,0,0,0,1
펀치 (Punch) Done For Me,54492,135,45,47.0,69.0,0.0,1.0,0,0,0,0,0,1,0,0,0,1
이하이 누구 없소 (NO ONE) (Feat. B.I of iKON),74514,78,73,67.0,4.0,1.0,0.0,1,0,1,0,0,0,0,0,0,1
비투비 아름답고도 아프구나,167755,168,74,41.0,23.0,0.87,0.5,1,0,0,0,0,1,0,0,0,1
"기리보이 아퍼 (Feat. Kid Milli, Lil tachi, 김승민, NO:EL, C JAMM)",174433,130,81,81.0,31.0,-0.87,0.5,0,0,0,1,0,0,0,0,0,1
방탄소년단 Make It Right,622382,106,71,64.0,1.0,-0.87,-0.5,1,0,0,1,0,0,0,0,0,1
헤이즈 (Heize) We don't talk together (Feat. 기리보이) (Prod. SUGA),164338,127,54,90.0,41.0,0.0,1.0,0,0,0,0,0,0,0,0,0,1
장덕철 있어줘요,13363,132,43,47.0,74.0,-0.5,0.87,1,0,0,0,0,1,0,0,0,1
잔나비 뜨거운 여름밤은 가고 남은 건 볼품없지만,156347,79,62,50.0,44.0,1.0,0.0,0,0,0,0,0,0,0,1,0,1
10CM 그러나,184561,167,24,35.0,85.0,0.87,-0.5,1,0,0,0,0,0,0,1,0,1
WINNER AH YEAH (아예),148974,128,72,80.0,36.0,-0.87,-0.5,1,0,1,0,0,0,0,0,0,1
아이유 Blueming,725837,106,67,82.0,8.0,-0.5,-0.87,1,0,0,0,1,0,0,0,0,1
"MC몽 인기 (Feat. 송가인, 챈슬러)",52188,110,87,71.0,17.0,0.87,-0.5,0,0,0,1,0,0,0,0,0,1
ITZY (있지) ICY,64561,125,90,80.0,3.0,-1.0,-0.0,1,0,1,0,0,0,0,0,0,1
Lil tachi 눈 (Prod. 기리보이),10107,143,65,90.0,19.0,-0.5,-0.87,1,0,0,1,0,0,0,0,0,1
홍진영 오늘 밤에,19403,114,92,69.0,21.0,0.0,-1.0,0,0,0,0,0,0,1,0,0,1
