,artist_song,song_x,artist_x,genre,lyric,like,year_x,artist_y,song_y,key,camelot,bpm,duration,popularity,energy,danceability,happiness,acousticness,instrumentalness,liveness,speechiness,loudness,year_y
0,임재현 사랑에 연습이 있었다면 (Prod. 2soo),사랑에 연습이 있었다면 (Prod. 2soo),임재현,발라드,사랑에 연습이 있었다면 우리는 달라졌을까 내가 널 만난 시간 혹은 그 장소 상황이 달랐었다면 우린 맺어졌을까 하필 넌 왜 내가 그렇게 철없던 시절에 나타나서 그렇게 예뻤니 너처럼 좋은 여자가 왜 날 만나서 그런 과분한 사랑 내게 줬는지 우리 다시 그때로 돌아가자는게 그게 미친말인가 정신나간 소린가 나는 더 잘 할 수 있고 다신 울리지 않을 자신있는데 그게 왜 말이 안돼 시간이 너무 흘러 알게되었는데 너를 울리지 않고 아껴주는법 세월은 왜 철없는 날 기다려주지 않고 흘러갔는지 야속해 지금 너 만나는 그에게도 내게 그랬던 것처럼 예쁘게 웃어주니 너처럼 좋은 여자의 사랑 받는 그 남자 너무 부러워 넌 행복하니 니옆에 지금 그 남자가 있는게 우리 다시 맺어질수가 없는 이윤가 나는 더 잘 할 수 있고 다신 울리지 않을 자신있는데 그게 왜 말이 안돼 시간이 너무 흘러 알게 되었는데 너를 울리지 않고 아껴주는 법 세월은 왜 널 잊는 법을 알려주지 않고 흘러갔는지,"15,350",2019,ZZang KARAOKE,If there was practice in love (사랑에 연습이 있었다면) (Prod. 2soo) (By Lim Jae Hyun(임재현)) (Melody Karaoke Version),G Major,9B,136.0,4:17,0.0,33.0,59.0,12.0,42.0,86.0,16.0,3.0,-13 dB,2019
1,케이시 (Kassy) 그때가 좋았어,그때가 좋았어,케이시 (Kassy),발라드,이젠 내가 편하니 작은 설렘조차 욕심이겠지 항상 곁에 있어서 계속 함께 있을 줄 알았나 봐 음 반복되는 시간에 지쳐가 더 이상 함께 웃을 일도 없어 봄처럼 따뜻했던 그때가 좋았어 너 하나로 충분했던 그때가 좋았어 헤어지고 나서야 깨닫게 됐어 참 좋았구나 참 예뻤구나 우리 지난날에 그때가 참 좋았어 그때 그때 그때 그때 음 이미 너도 다 알잖아 돌이킬 수 없이 멀리 왔다는 거 억지로 더 노력해도 안되는 건 어쩔 수가 없더라 음 우리 언제 이렇게 됐을까 더는 너를 만날 자신이 없어 봄처럼 따뜻했던 그때가 좋았어 행복해서 눈물 나던 그때가 좋았어 헤어지고 나서야 깨닫게 됐어 참 좋았구나 참 예뻤구나 우리 지난날에 그때가 참 좋았어 가진 것도 없고 초라했어도 서로만으로 충분했으니까 우린 너라서 좋았어 행복했어 사랑이 전부였던 그때가 좋았어 그때 알았더라면 더 사랑할 걸 더 안아줄 걸 후회가 돼 사랑했던 우리가 참 그리워 그때 그때 그때 그때 음,"55,481",2019,Kassy,The day was beautiful,G Major,9B,134.0,3:55,43.0,45.0,62.0,32.0,70.0,0.0,12.0,4.0,-6 dB,2019
2,방탄소년단 작은 것들을 위한 시 (Boy With Luv) (Feat. Halsey),작은 것들을 위한 시 (Boy With Luv) (Feat. Halsey),방탄소년단,댄스,모든 게 궁금해 How’s your day Oh tell me 뭐가 널 행복하게 하는지 Oh text me Your every picture 내 머리맡에 두고 싶어 oh bae Come be my teacher 네 모든 걸 다 가르쳐줘 Your 1 your 2 Listen my my baby 나는 저 하늘을 높이 날고 있어 그때 니가 내게 줬던 두 날개로 이제 여긴 너무 높아 난 내 눈에 널 맞추고 싶어 Yeah you makin’ me a boy with luv Oh my my my oh my my my I've waited all my life 네 전부를 함께하고 싶어 Oh my my my oh my my my Looking for something right 이제 조금은 나 알겠어 I want something stronger Than a moment than a moment love I have waited longer For a boy with For a boy with luv 널 알게 된 이후 ya 내 삶은 온통 너 ya 사소한 게 사소하지 않게 만들어버린 너라는 별 하나부터 열까지 모든 게 특별하지 너의 관심사 걸음걸이 말투와 사소한 작은 습관들까지 다 말하지 너무 작던 내가 영웅이 된 거라고 Oh nah 난 말하지 운명 따윈 처음부터 내 게 아니었다고 Oh nah 세계의 평화 No way 거대한 질서 No way 그저 널 지킬 거야 난 Boy with luv Listen my my baby 나는 저 하늘을 높이 날고 있어 그때 니가 내게 줬던 두 날개로 이제 여긴 너무 높아 난 내 눈에 널 맞추고 싶어 Yeah you makin’ me a boy with luv Oh my my my oh my my my You got me high so fast 네 전부를 함께하고 싶어 Oh my my my oh my my my You got me fly so fast 이제 조금은 나 알겠어 Love is nothing stronger Than a boy with luv Love is nothing stronger Than a boy with luv 툭 까놓고 말할게 나도 모르게 힘이 들어가기도 했어 높아버린 sky 커져버린 hall 때론 도망치게 해달라며 기도했어 But 너의 상처는 나의 상처 깨달았을 때 나 다짐했던 걸 니가 준 이카루스의 날개로 태양이 아닌 너에게로 Let me fly Oh my my my oh my my my I've waited all my life 네 전부를 함께하고 싶어 Oh my my my oh my my my Looking for something right 이제 조금은 나 알겠어 I want something stronger Than a moment than a moment love Love is nothing stronger Than a boy with luv,"622,383",2019,"BTS, Halsey",Boy With Luv (Feat. Halsey),B Minor,10A,120.0,3:50,56.0,86.0,65.0,80.0,9.0,0.0,19.0,8.0,-5 dB,2019
3,엠씨더맥스 (M.C the MAX) 넘쳐흘러,넘쳐흘러,엠씨더맥스 (M.C the MAX),발라드,나는 그대를 뒤로한 채로 우리 사랑을 놓아요 차오르는 추억을 헝클어뜨려 모두 일어나지 않았던 일처럼 고갤 저어 모르는 꿈이라 말하고 있네요 남았는지 모를 마음이 나를 향해 힘껏 달려도 어느 끝 멈춰질 그 거리에 그대 다 찢겨져버린 사이 더 기워봐도 다시 그때로 우리 되돌려 놓을 수 없는 그 얘기 날카롭게 패인 이 상처가 깊어 나을 수 없으니 떠나가요 떨궈진 눈물은 가슴에 담아지고 이제 더는 채울 자리 없이 넘쳐흐르네요 그대인지 모를 얼굴이 나를 향해 웃음 지어도 손 내밀 수도 없는 거리에 그대 또 주저앉을 수밖에 무너진 이 사랑과 그대의 모든 흔적을 그리워하는 일만이 더 할 게 없어서 무력해져 가는 내가 싫어 그대를 보내기 싫지만 다 찢겨져버린 사이 더 기워봐도 다시 그때로 우릴 되돌려 놓을 수 없는 그 얘기 날카롭게 패인 이 상처가 깊어 나을 수 없으니 떠나가요,"102,855",2019,M.C the Max,After You’ve Gone,A Major,11B,132.0,4:07,41.0,53.0,43.0,21.0,66.0,0.0,12.0,3.0,-5 dB,2019
4,"폴킴 모든 날, 모든 순간 (Every day, Every Moment)","모든 날, 모든 순간 (Every day, Every Moment)",폴킴,"발라드, 국내드라마",네가 없이 웃을 수 있을까 생각만 해도 눈물이나 힘든 시간 날 지켜준 사람 이제는 내가 그댈 지킬 테니 너의 품은 항상 따뜻했어 고단했던 나의 하루에 유일한 휴식처 나는 너 하나로 충분해 긴 말 안 해도 눈빛으로 다 아니깐 한 송이의 꽃이 피고 지는 모든 날 모든 순간 함께해 햇살처럼 빛나고 있었지 나를 보는 네 눈빛은 꿈이라고 해도 좋을 만큼 그 모든 순간은 눈부셨다 불안했던 나의 고된 삶에 한줄기 빛처럼 다가와 날 웃게 해준 너 나는 너 하나로 충분해 긴 말 안 해도 눈빛으로 다 아니깐 한 송이의 꽃이 피고 지는 모든 날 모든 순간 함께해 알 수 없는 미래지만 네 품속에 있는 지금 순간 순간이 영원 했으면 해 갈게 바람이 좋은 날에 햇살 눈부신 어떤 날에 너에게로 처음 내게 왔던 그날처럼 모든 날 모든 순간 함께해,"156,360",2019,Paul Kim,"Every day, Every Moment",A♭ Major,4B,133.0,3:30,58.0,29.0,47.0,15.0,86.0,0.0,10.0,3.0,-9 dB,2019
5,폴킴 너를 만나,너를 만나,폴킴,발라드,너를 만난 그 이후로 사소한 변화들에 행복해져 눈이 부시게 빛 나는 아침 너를 떠올리며 눈 뜨는 하루 식탁 위에 마주 앉아 너의 하루는 어땠는지 묻거나 나의 하루도 썩 괜찮았어 웃으며 대답해 주고 싶어 별것 아닌 일에 맘이 통할 때면 익숙해진 서로가 놀라웠어 널 사랑해 평온한 지금처럼만 영원하고 싶다고 너를 바라보다 생각했어 너를 만나 참 행복했어 나 이토록 사랑할 수 있었던 건 아직 어리고 모자란 내 맘 따뜻한 이해로 다 안아줘서 무심한 말투에 서로 아플 때면 차가워진 사이가 견딜 수 없어 미안해 불안한 지금이라도 영원하고 싶다고 너를 바라보다 생각했어 너를 만나 참 행복했어 나 이토록 사랑할 수 있었던 건 아직 어리고 모자란 내 맘 따뜻한 이해로 다 안아줘서 뜨거웠던 여름 지나 그리워질 빗소리에 하나 둘 수줍어 또 얼굴 붉히면 생각이 많아진 너의 눈에 입 맞출 테니 우리 함께 걸어가기로 해 나를 만나 너도 행복하니 못 해준 게 더 많아서 미안해 이기적이고 불안한 내가 너에게만은 잘하고 싶었어 오랫동안 나 기다려온 완벽한 사랑을 찾은 것 같아 날 잡아줘서 힘이 돼줘서 소중한 배려로 날 안아줘서 너를 만나,"156,360",2019,Paul Kim,Me After You,C Major,8B,144.0,4:40,57.0,29.0,35.0,34.0,79.0,0.0,31.0,3.0,-8 dB,2019
6,태연 (TAEYEON) 사계 (Four Seasons),사계 (Four Seasons),태연 (TAEYEON),발라드,사계절이 와 그리고 또 떠나 내 겨울을 주고 또 여름도 주었던 온 세상이던 널 보낼래 정말 너를 사랑했을까 언제야 봄이던가 맞아 그땐 한참 서로가 셰익스피어의 연극 같은 마지막이 될 사랑 마주한 듯 둘밖에 안 보였나 봐 다른 걸 좀 보고파 I gave you the world 너만이 전부라 내 겨울을 주고 또 여름도 주었지 뜨겁고 차갑던 그 계절에 정말 너를 사랑했을까 내가 너를 사랑했을까 서로를 그리워했고 서로를 지겨워하지 그 긴 낮과 밤들이 낡아 녹슬기 전에 우리 다시 반짝이자 또 계절이 바뀌잖아 I gave you the world 너만이 전부라 내 겨울을 주고 또 여름도 주었지 뜨겁고 차갑던 그 계절에 정말 너를 사랑했을까 내가 너를 사랑했을까 가도 돼 뒤돌아볼 때쯤엔 난 없어 우리 꽤 괜찮았어 그거면 된 거야 떠날 때 사계절이 와 그리고 또 떠나 내 겨울을 주고 또 여름도 주었던 온 세상이던 널 보낼래 정말 너를 사랑했을까 내가 너를 사랑했을까 내가 너를 사랑했을까,"241,680",2019,TAEYEON,Four Seasons,F# Major,2B,174.0,3:08,56.0,77.0,60.0,67.0,5.0,0.0,15.0,14.0,-5 dB,2019
7,잔나비 주저하는 연인들을 위해,주저하는 연인들을 위해,잔나비,"인디음악, 록/메탈",나는 읽기 쉬운 마음이야 당신도 스윽 훑고 가셔요 달랠 길 없는 외로운 마음 있지 머물다 가셔요 음 내게 긴 여운을 남겨줘요 사랑을 사랑을 해줘요 할 수 있다면 그럴 수만 있다면 새하얀 빛으로 그댈 비춰 줄게요 그러다 밤이 찾아오면 우리 둘만의 비밀을 새겨요 추억할 그 밤 위에 갈피를 꽂고선 남몰래 펼쳐보아요 나의 자라나는 마음을 못 본 채 꺾어 버릴 순 없네 미련 남길바엔 그리워 아픈 게 나아 서둘러 안겨본 그 품은 따스할 테니 그러다 밤이 찾아오면 우리 둘만의 비밀을 새겨요 추억할 그 밤 위에 갈피를 꽂고선 남몰래 펼쳐보아요 언젠가 또 그날이 온대도 우린 서둘러 뒤돌지 말아요 마주보던 그대로 뒷걸음치면서 서로의 안녕을 보아요 피고 지는 마음을 알아요 다시 돌아온 계절도 난 한 동안 새 활짝 피었다 질래 또 한번 영원히 그럼에도 내 사랑은 또 같은 꿈을 꾸고 그럼에도 꾸던 꿈을 난 또 미루진 않을거야,"156,353",2019,JANNABI,for lovers who hesitate,B♭ Major,6B,74.0,4:25,64.0,43.0,52.0,30.0,71.0,0.0,30.0,3.0,-8 dB,2019
8,송하예 니 소식,니 소식,송하예,발라드,그때의 우리 사랑 뜨겁고 치열했는데 끝나보니 남는건 미움뿐 몇번의 계절을 더 보내야 괜찮아 질까 미련이 듬뿍 남은 하루를 보내 친구들과 통화에 우연히 들은 니 소식 다른 사랑을 시작해 잘 지낸다고 한땐 소중했었고 많이 사랑했었던 우리둘은 이젠 남이 됐고 모르는 사람이야 넌 완벽히 잊었나봐 이렇게 넌 잘사는데 괜한 걱정을 했나봐 나만 힘든가봐 너도 내 소식을 전해 들었으면 좋겠어 아직은 좀 힘들어 한다는 미안한 마음갖고 가끔씩 날 생각해줘 그래야 내 맘이 좀 편할거 같아 니옆에 다른 사람 있다는게 참 낯설어 뭔지 모를 서운함은 이기적인 거니 한땐 소중했었고 많이 사랑했었던 우리둘은 이젠 남이 됐고 모르는 사람이야 넌 완벽히 잊었나봐 이렇게 넌 잘사는데 나만 끝을 미뤘나봐 나만 그랬나봐 솔직한 맘을 말하면 좋은 사랑 안했으면 해 가슴아프게 지내길 바랬어 너는 행복하겠지 많이 설레이겠지 나 없이도 웃는 니 모습에 이제야 실감이나 넌 완벽히 떠났나봐 확실히 날 떠났나봐 난 니가 너무 미워져 행복하지 말아줘 잘지내지 말아줘 좋은 사람 만나 다행이란 말은 거짓말이야 네 소식 들은 그날밤 펑펑 울다가 밤을 샜어 늦어버린걸 알지만 어쩔수 없나봐,"17,228",2019,Ha Yea Song,Your Regards,B Major,1B,134.0,3:60,49.0,61.0,42.0,37.0,70.0,0.0,12.0,3.0,-3 dB,2019
9,마크툽 (MAKTUB) 오늘도 빛나는 너에게 (To You My Light) (Feat.이라온),오늘도 빛나는 너에게 (To You My Light) (Feat.이라온),마크툽 (MAKTUB),"R&B/Soul, 인디음악",별빛이 내린 밤 그 풍경 속 너와 나 날 새롭게 하는 따뜻하게 만드는 니 눈빛 니 미소 영원히 담아둘게 너로 가득한 맘 널 닮아가는 나 날 위한 선물 꿈보다 더 아름다운 서로의 품에서 끝 없는 밤을 걷자 나의 모든 날들을 다 주고싶어 내 이 맘을 모두 전하고 싶어 잠들지 못한 푸른 바람들 이렇게 밝게 이 밤을 비춰 너와 작은 일상을 함께 하는게 내 가장 큰 기쁨인걸 넌 알까 내 세상 속에 넌 빛이 되어 지금 모습 그대로 내 곁에만 행복이 짙은 날 어둠이 없는 밤 같은 맘 속에 같은 꿈이 피어난 건 우리의 정해진 운명이 맞닿은거야 나의 모든 날들을 다 주고싶어 내 이 맘을 모두 전하고 싶어 잠들지 못한 푸른 바람들 이렇게 밝게 이 밤을 비춰 너와 작은 일상을 함께 하는게 내 가장 큰 기쁨인걸 넌 알까 내 세상 속에 넌 빛이 되어 지금 모습 그대로 내 곁에만 내게 온 너란 빛이 눈 부셔도 네 앞에서 한 순간도 눈 감지 않아 다가올 시간도 계절의 바람도 널 데려가지 못하게 내가 더 좋은 사람이 되고 싶어 더 아름답게 널 안을 수 있게 잠들지 못한 잠들 수 없는 바람들이 널 부르고 있어 언제까지나 너와 함께 할거야 내 마지막 숨결도 너일거야 내 세상 속에 넌 빛이 되어 지금 모습 그대로 내 곁에만 이렇게 밝게 이 밤을 비춰,"39,957",2019,"MAKTUB, LEE RAON",To You My Light (feat. LEE RAON),F Major,7B,150.0,4:26,53.0,57.0,51.0,31.0,24.0,0.0,16.0,3.0,-5 dB,2019
10,청하 벌써 12시,벌써 12시,청하,댄스,Yeah I like it 네가 말을 놓는 것도 Like it 너의 작은 말투도 나쁘지 않은걸 Boy you know know know know Like the way 말없이 손을 잡고 Like the way 조금은 놀래도 싫지가 않은걸 You know boy boy boy boy 물감처럼 파랗던 하늘은 벌써 까맣고 감정은 더 깊어져 yeah I gotta tell you this 우리 둘만 느껴지는 이상한 느낌 나도 너무 좋아 but it’s too late 아쉬워 벌써 12시 어떡해 벌써 12시네 보내주기 싫은걸 알고 있어 how you feel it 음악에 맞춰 사랑을 속삭이고 싶어 솔직히 우리 둘 맘이 같은 걸 Gotta go gotta go 12시 같은 생각인 걸 알고 있는데 더 이상은 솔직할 수 없는 걸 Gotta go gotta go 12시 어쩜 우린 닮은 것도 많아 취향 취미 먹을 때도 말야 You’re reading my heart 좀 더 일찍 알았다면 어땠을까 생각하게 돼 yeah 별들은 더 빛나고 시간은 점점 지나고 감성은 더 짙어져 yeah I gotta tell you this 너에게만 느껴지는 포근한 느낌 나도 너무 좋아 but it’s too late 아쉬워 벌써 12시 어떡해 벌써 12시네 보내주기 싫은 걸 알고 있어 how you feel it 음악에 맞춰 사랑을 속삭이고 싶어 솔직히 우리 둘 맘이 같은 걸 Gotta go gotta go 12시 같은 생각인 걸 알고 있는데 더 이상은 솔직할 수 없는 걸 Gotta go gotta go 12시 구석에 맘 한구석에 조그만 끈 붙잡고 있는 걸 Baby don’t wanna be alone 늦으면 더 늦어지면 어쩌면 다 놓아버릴지 몰라 I’m really trying to make you see 아쉬워 벌써 12시 어떡해 벌써 12시네 보내주기 싫은걸 알고 있어 how you feel it Gotta go gotta go 12시,"90,064",2019,CHUNG HA,Gotta Go,E♭ Minor,2A,102.0,3:42,61.0,83.0,53.0,42.0,7.0,0.0,10.0,4.0,-3 dB,2019
11,장혜진 술이 문제야,술이 문제야,장혜진,발라드,그리워서 한 잔 생각나서 한 잔 내 눈물 섞어 한 잔 또 한 잔 마시다 우리 옛 추억에 취해 독한 네 사랑에 취해 너의 전화 번홀 누르게 돼 아마 받지 않겠지만 미안해 술이 문제야 문제 자꾸 너를 떠올리게 해 술이 문제야 문제 자꾸 네가 생각나게 해 정말 미친 듯이 보고 싶어 한 잔 정말 미친 듯이 그리워서 한 잔 한 잔 두 잔 기울이면 너의 기억 모두 끊어질까 봐 술 한잔했어요 잊어보려 한 잔 지워보려 한 잔 내 눈물 섞어 한 잔 또 한 잔 마시다 흐릿한 얼굴에 취해 희미한 기억에 취해 다시 전화 번홀 누르게 돼 절대 받지 않겠지만 미안해 술이 문제야 문제 자꾸 너를 떠올리게 해 술이 문제야 문제 자꾸 네가 생각나게 해 정말 미친 듯이 보고 싶어 한 잔 정말 미친 듯이 그리워서 한 잔 한 잔 두 잔 기울이면 너의 기억 모두 끊어질까 봐 나 맨정신에 살 수 없어서 술 한잔했어요 나 제정신에 살 수 없어서 술 한잔했어요 딱 한 잔만 딱 한 잔만 딱 한 잔만 더 마시면 너 돌아올까 봐 미안해 다 내가 문제야 문제 바보같이 널 또 기다려 아니야 내가 문제야 문제 아직까지 너만 사랑해 정말 보고 싶은 너를 위해 한 잔 정말 사랑했던 우릴 위해 한 잔 한 잔 두 잔 기울이면 너의 기억 모두 끊어질까 봐 술 한잔했어요,"7,247",2019,"JANG HYEJIN, YUN MIN SOO",Drunk On Love,A♭ Major,4B,128.0,4:07,39.0,62.0,56.0,32.0,71.0,0.0,11.0,4.0,-5 dB,2019
12,엔플라잉 (N.Flying) 옥탑방 (Rooftop),옥탑방 (Rooftop),엔플라잉 (N.Flying),록/메탈,너는 별을 보자며 내 몸을 당겨서 단 한 번에 달빛을 내 눈에 담았어 Every time I look up in the sky 근데 단 한 개도 없는 Star 혼자 두지 않을게 저 달이 외롭지 않게 해 줘 너는 별을 보자며 내 손을 끌어서 저녁노을이 진 옥상에 걸터앉아 Every time I look up in the sky 근데 단 한 개도 없는 Star 괜찮아 네가 내 우주고 밝게 빛나 줘 이런 가사 한 마디가 널 위로한다면 나 펜을 잡을게 자극적인 것보다 진심만으로 말할 수 있어 All day 고양이보다 넌 강아지같이 날 기다렸지 하루 종일 뭐가 그리 슬펐지 이 별에서 네가 가장 특별해 너는 그런 거 전혀 몰랐지 You want some more 왜 자꾸만 널 가두려 하는 건지 You want some more Sky is nothing to believe 너는 별을 보자며 내 손을 끌어서 저녁노을이 진 옥상에 걸터앉아 Every time I look up in the sky 근데 단 한 개도 없는 Star 괜찮아 네가 내 우주고 밝게 빛나 줘 있잖아 난 네가 아주 가끔씩 무겁게 할 때마다 움칫 널 위로할 손이 난 없네 지금 난 갈 길을 잃은 별 날 당기는 힘은 너 넌 별을 잃은 하늘처럼 떠돌고 다녀 우리가 지난 길이 별자리처럼 나와 너 그 길을 따라서 날 기억해줘 You want some more 왜 자꾸만 널 가두려 하는 건지 You want some more Sky is nothing to believe 너는 별을 보자며 내 손을 끌어서 저녁노을이 진 옥상에 걸터앉아 Every time I look up in the sky 근데 단 한 개도 없는 Star 괜찮아 네가 내 우주고 밝게 빛나 줘 Girl I don’t know why I’m leaving Girl I don’t know why 처음부터 다시 알려 줘 Girl I don’t know why I’m leaving Girl I don’t know why 너는 별을 보자며 내 손을 끌어서 저녁노을이 진 옥상에 걸터앉아 Every time I look up in the sky 근데 단 한 개도 없는 Star 괜찮아 네가 내 우주고 밝게 빛나 줘 꼭 닮은 너를 찾아 나섰지 너를 당겨 보려 해도 Every time I look up in the sky 근데 단 한 개도 없는 Star 괜찮아 네가 내 우주고 밝게 빛나 줘,"50,843",2019,N.Flying,Rooftop,C Major,8B,97.0,3:31,56.0,90.0,69.0,92.0,53.0,0.0,24.0,5.0,-2 dB,2019
13,ITZY (있지) 달라달라,달라달라,ITZY (있지),댄스,DDA DDA LA DDA LA DDA LA People look at me and they tell me 외모만 보고 내가 날라리 같대요 So what 신경 안 써 I'm sorry I don't care don't care really don't care because 사랑 따위에 목매지 않아 세상엔 재밌는 게 더 많아 언니들이 말해 철들려면 멀었대 I'm sorry sorry 철들 생각 없어요 예쁘기만 하고 매력은 없는 애들과 난 달라 달라 달라 DDA DDA LA DDA LA 네 기준에 날 맞추려 하지 마 난 지금 내가 좋아 나는 나야 DDA DDA LA DDA LA DDA LA I love myself 난 뭔가 달라 달라 YEAH I love myself 난 뭔가 달라 달라 YEAH 난 너랑 달라 달라 YEAH Bad bad I'm sorry I'm bad I'm just the way I am 남 신경 쓰고 살긴 아까워 하고 싶은 일 하기도 바빠 My life 내 맘대로 살 거야 말리지 마 난 특별하니까 YEAH 남들의 시선 중요치 않아 내 style이 좋아 그게 나니까 언니들이 말해 내가 너무 당돌하대 I'm sorry sorry 바꿀 생각 없어요 Nope 예쁘기만 하고 매력은 없는 애들과 난 달라 달라 달라 DDA DDA LA DDA LA 네 기준에 날 맞추려 하지 마 난 지금 내가 좋아 나는 나야 DDA DDA LA DDA LA DDA LA Don’t care what people say 나는 내가 알아 I’m talkin' to myself 기죽지 마 절대로 고개를 들고 네 꿈을 쫓아 Just keep on dreamin' Keep your chin up We got your back Keep your head up Just keep on dreamin' Keep your chin up We got your back Keep your head up Just keep on dreamin' 예쁘기만 하고 매력은 없는 애들과 난 달라 달라 달라 DDA DDA LA DDA LA 네 기준에 날 맞추려 하지 마 난 지금 내가 좋아 나는 나야 DDA DDA LA DDA LA DDA LA I love myself 난 뭔가 달라 달라 YEAH I love myself 난 뭔가 달라 달라 YEAH 난 너랑 달라 달라 YEAH,"64,562",2019,ZZang KARAOKE,DALLA DALLA (달라달라) (By ITZY(있지)) (Instrumental Karaoke Version),B Minor,10A,125.0,3:21,0.0,63.0,79.0,64.0,0.0,90.0,32.0,5.0,-9 dB,2019
14,우디 (Woody) 이 노래가 클럽에서 나온다면,이 노래가 클럽에서 나온다면,우디 (Woody),랩/힙합,이 노래가 클럽에서 나온다면 네가 이 음악에 춤출 수 있을까요 이 노래가 클럽에서 나온다면 혹시 그녀가 내게 전화할까요 이 노래가 흘러 네게 닿는다면 그대는 웃을까요 눈물 흘릴까요 궁금하죠 과연 You still have fire You still have fire 해가 지고 나서 눈이 떠진 날 침대가 너무 넓다고 느껴진 날 베개 하나가 할 일을 잃은 날 잠깐만 오늘 꿈에서 널 본 것 같아 난 한 번 더 보려고 눈을 감네 But I can do a nothing 적적한 마음에 떠날 거라면 이 맘도 가져가 어차피 넌 내 말 듣지 않을 거니까 이 노래가 클럽에서 나온다면 네가 이 음악에 춤출 수 있을까요 이 노래가 클럽에서 나온다면 혹시 그녀가 내게 전화할까요 이 노래가 흘러 네게 닿는다면 그대는 웃을까요 눈물 흘릴까요 궁금하죠 과연 과연 You still have fire fire Fire up fire up fire up You still have fire You still have fire Fire up fire up fire up You still have fire You still have fire Fire up fire up fire up You still have fire You still have fire 궁금하죠 과연 과연 You still have fire fire 그래 네가 맞아 네가 했던 말 다 맞는 말이고 이미 떠나보낸 막차 내가 전화해도 너는 받질 않아 손을 뻗어봤자 전혀 널 지워 버리려고 해 술에 힘을 빌려 Oh oh But 또 가지 널 만나러 꿈속으로 3 2 1 이 노래가 클럽에서 나온다면 네가 이 음악에 춤출 수 있을까요 이 노래가 클럽에서 나온다면 혹시 그녀가 내게 전화할까요 이 노래가 흘러 네게 닿는다면 그대는 웃을까요 눈물 흘릴까요 궁금하죠 과연 과연 You still have fire fire 걸어와 줘 넌 내게로 여전히 넌 예쁜 채로 내 곁에 있어 내 옆에 있어 아직도 멈춘 시간 그곳에 있어 내 노래가 들리면 지금 전화해줘 1 2 3 이 노래가 클럽에서 나온다면 네가 이 음악에 춤출 수 있을까요 이 노래가 클럽에서 나온다면 혹시 그녀가 내게 전화할까요 이 노래가 흘러 네게 닿는다면 그대는 웃을까요 눈물 흘릴까요 궁금하죠 과연 과연 You still have fire fire Fire up fire up fire up You still have fire You still have fire Fire up fire up fire up You still have fire You still have fire Fire up fire up fire up You still have fire You still have fire 궁금하죠 과연 과연 You still have fire fire,"12,696",2019,Woody,Fire up,F# Minor,11A,86.0,3:39,45.0,44.0,63.0,73.0,89.0,0.0,22.0,6.0,-7 dB,2019
15,황인욱 포장마차,포장마차,황인욱,발라드,그대와 자주 가던 그 술집에 혼자 널 생각하며 소주 한잔해 그대가 좋아하던 김치찌개를 가만히 바라보다 눈물 한잔해 그 사람 왔었나요 아니 소식이라도 그녀에게 전해줘요 늘 지금처럼 기다린다고 포장마차 그때 그 자리에서 네가 있던 그곳에 서서 날 사랑한다 말했잖아 영원할 거라고 말했잖아 포장마차 그때 그 자리에서 돌아오라는 말을 다시 되뇌이고 되뇌어도 네가 돌아오지 않을 걸 알잖아 그 사람 왔었다면 혹시 혼자였나요 그녀에게 전해줘요 나 그때처럼 기다린다고 포장마차 그때 그 자리에서 네가 있던 그곳에 서서 날 사랑한다 말했잖아 영원할 거라고 말했잖아 포장마차 그때 그 자리에서 돌아오라는 말을 다시 되뇌이고 되뇌어도 네가 돌아오지 않을 걸 알잖아 다 잊으려고 노력해봐도 그게 잘 안되나봐 습관처럼 아니 예전처럼 우리 두 번 다시 돌아갈 수 없나요 내가 싫은 건가요 날 사랑한다 말했잖아 영원할 거라고 말했잖아 포장마차 그때 그 자리에서 네가 있던 그곳에 서서 날 사랑한다 말했잖아 영원할 거라고 말했잖아 그댈 다시 부르고 또 불러도 아무 말 없는 너를 다시 되뇌이고 되뇌어도 네가 돌아오지 않을 걸 알잖아,"11,539",2019,Hwang In Wook,Phocha,D Major,10B,132.0,3:54,47.0,50.0,46.0,24.0,62.0,0.0,12.0,4.0,-5 dB,2019
16,엠씨더맥스 (M.C the MAX) 사계 (하루살이),사계 (하루살이),엠씨더맥스 (M.C the MAX),발라드,슬픈 예감 앞에 굳게 감아진 두 눈 지금 고개 들면 넌 떠나갈 텐데 못난 걸음은 멈춰버리고 숨소리마저 다 아는 듯 적막한 두려움 속에 결국 너를 놓치고 말겠지 널 그리면서 매일 울며 보내겠지 겨우 눈을 뜨고서 너를 보내면 나는 어쩌면 나는 어쩌면 하루도 못 살 것 같아 이제 난 하루살이 하루하루 내일도 잃어버린 채 너를 사랑했던 오늘만을 살고 내게 웃어 준 네 얼굴을 그리다 사라지겠지 어둠 속으로 너의 뒷모습만 내게 남아 날 원망하고 매일 취한 채 살겠지 그렇게도 기다린 봄은 오지만 나는 어쩌면 여기 너 없는 겨울에 갇힌 채 살아 겨우겨우 살아내도 사랑한 네가 없는데 여름 장마처럼 울다 보면 올까 낙엽 되어 내 마음 위로 내릴까 의미 없겠지 모든 계절의 난 너의 곁에 머물던 너를 사랑했던 너를 안았던 나의 마음을 기억해줘 하루하루 내일도 잃어버린 채 너를 사랑했던 오늘만을 살고 내게 웃어 준 네 얼굴을 그리다 사라지겠지 기억 속으로,"102,855",2019,M.C the Max,One Day Only,E Major,12B,136.0,4:17,43.0,55.0,34.0,21.0,48.0,0.0,18.0,3.0,-5 dB,2019
17,폴킴 안녕,안녕,폴킴,"발라드, 국내드라마",안녕 이라는 말을해 짧은 시간을 뒤로 한채로 여전히 아프겠지만 하룻밤 자고 나면 사라지는 꿈처럼 너를 oh 잊게될까 두려워져 무심히 널 떠올리게 되면 불안해지는 맘 어떻게 해야하니 안녕 이제는 안녕 이 말 도저히 할 수가 없어 너로 가득찬 내 마음 겨우 내가 할 수 있는 일 너를 사랑하는 거 다시 널 만날 수 있길 아주 오래 전부터 정해진 연일지도 너밖에 모를 내가 되었던 그때가 두려워져 널 안고 있으면 자꾸 욕심이나 어쩔 수 없는걸 안녕 이제는 안녕 이 말 도저히 할 수가 없어 너로 가득찬 내 마음 겨우 내가 할 수 있는 일 너를 사랑하는 거 다시 널 만날 수 있길 굳게 닫힌 저 문이 열리면 그때는 널 다시 볼 수 있을까 잠시 스치듯 만나 운명처럼 날 꽃 피우게 해 매일 널 꿈꾸겠지만 가득 채울 그리움만큼 바라는 건 단 하나 계속 내 곁에 있어줘,"156,360",2019,Paul Kim,안녕,C Major,8B,131.0,3:45,50.0,29.0,49.0,30.0,81.0,0.0,16.0,3.0,-7 dB,2019
18,벤 180도,180도,벤,발라드,사랑 다 비슷해 그래 다 비슷해 너는 다르길 바랐는데 넌 뭐가 미안해 왜 맨날 미안해 헤어지는 날조차 너는 이유를 몰라 이젠 180도 달라진 너의 표정 그 말투 너무 따뜻했던 눈빛 네 향기까지도 정말 너무나도 달라진 우리 사랑 또 추억 아직 그대로인데 난 이젠 180도 변해버린 지금 너와 나 남자는 다 비슷해 그래 다 비슷해 너는 아니길 바랐는데 말로만 사랑해 거짓말 그만해 헤어지는 날조차 왜 넌 이유를 몰라 이젠 180도 달라진 너의 표정 그 말투 너무 따뜻했던 눈빛 네 향기까지도 정말 너무나도 달라진 우리 사랑 또 추억 아직 그대로인데 난 이젠 180도 변해버린 지금 너와 나 사랑해 말하지 않아도 너의 눈에 쓰여 있었던 그때가 참 그리워 이젠 180도 변해버린 너와 나의 약속 익숙해진 변명 거짓말까지도 모두 진심이라 믿었던 바보 같던 내 사랑 전부 지쳐버렸어 난 이젠 180도 변해버린 지금 너와 나 이젠 너무나도 그리워진 그때 너와 나,"74,548",2019,BEN,180 Degree,C# Major,3B,134.0,3:49,34.0,52.0,52.0,19.0,67.0,0.0,8.0,3.0,-5 dB,2019
19,다비치 너에게 못했던 내 마지막 말은,너에게 못했던 내 마지막 말은,다비치,발라드,아직 남았을까 못 잊을 이유가 남아 있을까 나만 왜 이렇게 바보같이 혼자 널 기다릴까 음 애꿎은 바람들은 말도 안 되는 네 말을 또 믿고 싶게 해 달라질 게 없는데 끝인 걸 아는데 생각이 나 그 모든 게 나 어쩌면 너에게 하고 싶은 말은 긴 밤을 지새도 아직 너를 많이 사랑한다고 이 아픈 시간이 어서 지나가기를 조금만 더 버텨볼게 네가 없는 하루가 버겁긴 하지만 보고 싶은 마음 꾹 참고 하루에 하나씩 잊어볼게 그래 볼게 매일 이런 다짐을 해 습관처럼 생각보다 길어진 그리움이 익숙해져 가는 날들에 제법 웃기도 하다 또 괜찮다가도 생각이 나 네 모든 게 나 어쩌면 너에게 하고 싶은 말은 긴 밤을 지새도 아직 너를 많이 사랑한다고 이 아픈 시간이 어서 지나가기를 조금만 더 버텨볼게 네가 없는 하루가 버겁긴 하지만 보고 싶은 마음 꾹 참고 하루에 하나씩 잊어볼게 그래 볼게 매일 이런 다짐을 해 습관처럼 괜찮은 척 비워낸 척해봐도 사실 많이 힘들어서 당장이라도 네게 가고 싶어 지금은 아니어도 끝내 내 손잡아 줘 oh 너에게 못했던 내 마지막 말은 언젠가 한 번쯤 나를 떠올리다 그리워지면 언제든 돌아와 난 여기 있을 거야 아무 일 없던 것처럼 너 없는 하루가 어렵긴 하지만 이 정도쯤은 꾹 참고 하루에 하나씩 기억할게 그래 볼게 사랑을 시작하던 그때처럼,"112,604",2019,DAVICHI,Unspoken Words,D Major,10B,88.0,4:28,39.0,57.0,50.0,36.0,75.0,0.0,12.0,4.0,-4 dB,2019
20,하은 (포맨) 신용재,신용재,하은 (포맨),발라드,매일 같은 옷을 입는 이유 너와 함께 입던 옷이라서 혹시 어디선가 알아보고 날 찾아줄까 봐 네가 좋아했던 옷을 입고 네가 좋아했던 가수처럼 노래하면 네가 볼 것 같아서 신용재를 따라 하고 따라 해도 안 되는 것처럼 사랑을 따라 하고 흉내 내도 안 되는 것처럼 목이 부서져라 이 노래를 불러도 너는 다시 돌아오질 않잖아 네가 그렇게도 좋아했었던 그 노래처럼 그때 네가 나를 떠난 이후 쉬지 않고 연습하는 이유 혹시 어디선가 들린다면 너 돌아볼까 봐 이제 우리 얘기가 돼버린 네가 좋아했던 노래들을 불러보면 네가 울 것 같아서 신용재를 따라 하고 따라 해도 안 되는 것처럼 사랑을 따라 하고 흉내 내도 안 되는 것처럼 목이 부서져라 이 노래를 불러도 너는 다시 돌아오질 않잖아 그때 그 노래처럼 아직 내가 너를 못 버리는 이유 여태 바보처럼 기다리는 이유 아직 내겐 사랑이라서 아무리 미친 듯이 불러봐도 넌 안 들리나 봐 이별은 연습하고 연습해도 안 되는 건가 봐 목이 부서져라 다시 너를 불러도 너는 내게 돌아오질 않잖아 네가 그렇게도 좋아했었던 그 노래처럼,"9,037",2019,HAEUN,SHIN YONG JAE,F Major,7B,128.0,3:34,13.0,56.0,54.0,29.0,78.0,0.0,11.0,4.0,-5 dB,2019
21,장범준 흔들리는 꽃들 속에서 네 샴푸향이 느껴진거야,흔들리는 꽃들 속에서 네 샴푸향이 느껴진거야,장범준,"록/메탈, 국내드라마",흔들리는 꽃들 속에서 네 샴푸향이 느껴진거야 스쳐지나간건가 뒤돌아보지만 그냥 사람들만 보이는거야 다와가는 집근처에서 괜히 핸드폰만 만지는거야 한번 연락해 볼까 용기내 보지만 그냥 내 마음만 아쉬운 거야 걷다가 보면 항상 이렇게 너를 바라만 보던 너를 기다린다고 말할까 지금 집앞에 계속 이렇게 너를 아쉬워 하다 너를 연락했다 할까 지나치는 꽃들 속에서 네 샴푸향만 보이는거야 스쳐지나간건가 뒤 돌아보지만 그냥 내 마음만 바빠진거야 걷다가 보면 항상 이렇게 너를 바라만 보던 너를 기다린다고 말할까 지금 집앞에 계속 이렇게 너를 아쉬워 하다 너를 연락했다 할까 어떤 계절이 너를 우연히라도 너를 마주치게 할까 난 이대로 아쉬워하다 너를 바라만 보던 너를 기다리면서 아무말 못하고 그리워만 할까 걷다가 보면 항상 이렇게 너를 바라만 보던 너를 생각한다고 말할까 지금 집앞에 기다리고 때론 지나치고 다시 기다리는 꽃이 피는 거리에 보고파라 이밤에 걷다가 보면 항상 이렇게 너를 아쉬워 하다 너를 기다린다고 말할까 지금 집앞에 계속 이렇게 너를 아쉬워 하다 너를 연락했다 할까,"98,923",2019,Jang Beom June,Your Shampoo Scent In The Flowers,B Major,1B,100.0,2:48,52.0,77.0,67.0,70.0,32.0,0.0,12.0,3.0,-4 dB,2019
22,"AKMU (악뮤) 어떻게 이별까지 사랑하겠어, 널 사랑하는 거지","어떻게 이별까지 사랑하겠어, 널 사랑하는 거지",AKMU (악뮤),발라드,일부러 몇 발자국 물러나 내가 없이 혼자 걷는 널 바라본다 옆자리 허전한 너의 풍경 흑백 거리 가운데 넌 뒤돌아본다 그때 알게 되었어 난 널 떠날 수 없단 걸 우리 사이에 그 어떤 힘든 일도 이별보단 버틸 수 있는 것들이었죠 어떻게 이별까지 사랑하겠어 널 사랑하는 거지 사랑이라는 이유로 서로를 포기하고 찢어질 것같이 아파할 수 없어 난 두세 번 더 길을 돌아갈까 적막 짙은 도로 위에 걸음을 포갠다 아무 말 없는 대화 나누며 주마등이 길을 비춘 먼 곳을 본다 그때 알게 되었어 난 더 갈 수 없단 걸 한 발 한 발 이별에 가까워질수록 너와 맞잡은 손이 사라지는 것 같죠 어떻게 이별까지 사랑하겠어 널 사랑하는 거지 사랑이라는 이유로 서로를 포기하고 찢어질 것같이 아파할 수 없어 난 어떻게 내가 어떻게 너를 이후에 우리 바다처럼 깊은 사랑이 다 마를 때까지 기다리는 게 이별일 텐데 어떻게 내가 어떻게 너를 이후에 우리 바다처럼 깊은 사랑이 다 마를 때까지 기다리는 게 이별일 텐데,"236,034",2019,AKMU,"How can I love the heartbreak, you're the one I love",F Major,7B,129.0,4:50,64.0,25.0,52.0,23.0,91.0,0.0,12.0,4.0,-9 dB,2019
23,김나영 솔직하게 말해서 나,솔직하게 말해서 나,김나영,발라드,햇살이 좋았던 그 날 그만하자며 말을 하는 너 전혀 믿어지지가 않아 지금 이순간 모든 시간이 멈춘 듯 어떤 말을 해야할지 어떤 표정 지어야할지 아무것도 생각나지를 않아 솔직하게 말해서 나 헤어질 자신이 없어 괜찮은 척 웃으며 널 보내줄 자신이 없어 네가 없는 내 하루 하루도 생각한 적 없는데 나보다 나를 니가 더 잘 알면서 마지막 인사를 하며 멀어져가는 너를 보며 아무것도 할수있는 게 없어 솔직하게 말해서 나 헤어질 자신이 없어 괜찮은 척 웃으며 널 보내줄 자신이 없어 네가 없는 내 하루 하루도 생각한 적 없는데 나보다 나를 니가 더 잘 알면서 이별앞에 서 있는 너의 눈에 비춰진 애써 웃는 내 모습이 나를 더욱 아프게만해 솔직하게 말할게 나 헤어지고 싶지 않아 너 없이 나 혼자서 지낼 자신이 난 없어 네가 없는 내 하루 하루도 견딜수가 없는데 나보다 네가 먼저였던 날 나보다 나를 니가 더 잘 알면서,"60,342",2019,Kim Na Young,To be honest,F# Major,2B,132.0,3:21,44.0,56.0,48.0,29.0,70.0,0.0,11.0,5.0,-4 dB,2019
24,첸 (CHEN) 사월이 지나면 우리 헤어져요 (Beautiful goodbye),사월이 지나면 우리 헤어져요 (Beautiful goodbye),첸 (CHEN),발라드,우리 하지 못한 말들 마저 얘기해요 산들바람이 우릴 감싸줄 때 이렇게 마주 앉아 이별에 대해 말해보아요 이번 겨울이 지나고 꽃이 피고 나면 우리 이대로 다 괜찮을 거라 했었는데 아무리 노력을 해도 시들어가는 맘 견디기 힘들어 사월이 지나면 그땐 우리 아무 일도 없듯이 발길을 돌려요 그래야 마지막 우리 인사가 아름다울 수 있게 그때까진 조금만 더 웃어요 웃어요 다시 시간을 되돌려 처음 만난다면 가로등 옆에 서 있지 말아요 미소 짓지도 왼손으로 머릴 넘기지 마요 그래야 내가 그대를 지나칠 테니까 사월이 지나면 그땐 우리 아무 일도 없듯이 발길을 돌려요 그래야 마지막 우리 인사가 아름다울 수 있게 그때까진 조금만 더 웃어요 네 맘을 다독여봐도 변하는 이율 물어도 멀어져 그러니 이런 나보다 더 나은 사람을 만나 미소 짓기를 바래요 그대가 멀어진 만큼 시야가 흐려지네요 사랑했었기 때문에 우리 마지막 인사를 해요 이 시간이 가기 전에 행복해요 그걸 빌어요 기억해요 사랑했단 걸 우리 우리 우리 우리,"74,660",2019,CHEN,Beautiful goodbye,E♭ Major,5B,130.0,4:30,51.0,26.0,56.0,34.0,93.0,0.0,17.0,3.0,-8 dB,2019
25,TWICE (트와이스) FANCY,FANCY,TWICE (트와이스),댄스,지금 하늘 구름 색은 Tropical yeah 저 태양 빨간빛 네 두 볼 같아 Oh tell me I’m the only one baby I fancy you I fancy you fancy you It’s dangerous 따끔해 넌 장미 같아 괜찮아 조금도 난 겁나지 않아 더 세게 꼭 잡아 Take my hand 좀 위험할거야 더 위험할거야 baby 달콤한 초콜릿 아이스크림처럼 녹아버리는 지금 내 기분 So lovely 깜깜한 우주 속 가장 반짝이는 저 별 저 별 그 옆에 큰 네 별 거기 너 I fancy you 아무나 원하지 않아 Hey I love you Love ya 그래 너 I fancy you 꿈처럼 행복해도 돼 Cause I need you What Fancy you 누가 먼저 좋아하면 어때 Fancy you 지금 너에게로 갈래 Fancy 매일매일 난 정말 아무것도 못하네 Oh my Mayday 이러다 큰일 낼 것 같은데 Bang bang 머리가 홀린 듯 Reset이 돼 어쩌면 좋아 이게 맞는건지 몰라 SOS Swim swim 너란 바다에 잠수함이 돼 매일이 Birthday 달콤해 너와 나의 Fantasy Dream dream 마치 꿈같아 볼 꼬집어봐 요즘 나의 상태 메세진 랄랄라 Baby 달콤한 초콜릿 아이스크림처럼 녹아버리는 지금 내 기분 So lovely 깜깜한 우주 속 가장 반짝이는 저 별 저 별 그 옆에 큰 네 별 거기 너 I fancy you 아무나 원하지 않아 Hey I love you Love ya 그래 너 I fancy you 꿈처럼 행복해도 돼 Cause I need you What Fancy you 누가 먼저 좋아하면 어때 Fancy you 지금 너에게로 갈래 Fancy 연기처럼 훅 사라질까 늘 가득히 담아 널 두 눈에 담아 생각만으로 포근해져 몰래 뒤에서 안아 널 놓지 않을래 거기 너 I fancy you 아무나 원하지 않아 Hey I love you Love ya 그래 너 I fancy you 꿈처럼 행복해도 돼 Cause I need you What Fancy you 누가 먼저 좋아하면 어때 Fancy you 지금 너에게로 갈래 Fancy,"172,687",2019,TWICE,FANCY,F Minor,4A,132.0,3:34,75.0,87.0,70.0,78.0,1.0,0.0,63.0,4.0,-2 dB,2019
26,벤 헤어져줘서 고마워,헤어져줘서 고마워,벤,발라드,헤어져줘서 고마워 나는 헤어진 게 아니야 정말 헤어져서 고마워 네 맘은 진심이 아니야 같은 말 하게 하지 마 더 미워하게 하지 마 난 안 바뀌니까 아니 내가 정말 잘할게 아냐 사람 마음 쉽게 안 변해 우린 안 봐도 뻔해 맨날 말로만 끝내자 말하면 뭐 해 질질 끌지 말고 헤어지자 그래 오늘은 꼭 헤어지자 그만 미워하고 더 후회하지 말고 그냥 미친 척하고 우리 헤어져 보자 사랑인척하지만 너와 나 이미 다 끝났잖아 되돌릴 수 없잖아 맨날 말로만 끝내자 말하면 뭐 해 질질 끌지 말고 헤어지자 진짜 사랑이 난 그리워 그래 네 마음 다 이해해 함께 있어도 난 외로워 뭐가 됐건 내가 미안해 이해한다고 하지 마 미안하다고 하지 마 듣기 싫으니까 아니 내가 정말 잘할게 원래 사랑이란 언젠간 변해 우리도 변했으니까 맨날 말로만 끝내자 말하면 뭐 해 질질 끌지 말고 헤어지자 그래 오늘은 꼭 헤어지자 그만 미워하고 더 후회하지 말고 그냥 미친 척하고 우리 헤어져 보자 사랑인척하지만 너와 나 이미 다 끝났잖아 되돌릴 수 없잖아 더 이상 시간 끌지 말고 헤어지자 마지막이라고 늘 믿었던 우리 사랑이 이젠 지긋지긋해 더 안 되는 거 붙잡지 좀 말고 제발 질질 끌지 말고 헤어지자 우리 이제 그만 보내주자 결국 생각나고 죽도록 후회해도 더 기대하지 말고 우리 헤어져 보자 이젠 사랑 아니야 너와 나 사랑했던 그때로 돌아갈 수 없잖아 맨날 말로만 끝내자 말하면 뭐 해 질질 끌지 말고 헤어지자 그래 우리 이제 헤어지자,"74,548",2019,BEN,Thank you for Goodbye,B Minor,10A,134.0,4:14,28.0,64.0,58.0,31.0,86.0,0.0,13.0,4.0,-5 dB,2019
27,먼데이 키즈 (Monday Kiz) 사랑이 식었다고 말해도 돼,사랑이 식었다고 말해도 돼,먼데이 키즈 (Monday Kiz),발라드,어떻게 보면 참 전쟁 같았다 우리 행복한 나날의 수만큼 아프게 했던 날들도 많았고 울렸던 날도 많았어 길었던 시간을 지켜줬던 너야 너를 너무 사랑해서 그게 멀어지게 한 걸까 어리숙한 내 잘못인가 사랑이 식었다고 솔직히 말해도 돼 가슴 뛰는 설렘이 네게 온 거라고 나보다 좋은 사람이 너에게 생긴 거라고 다른 핑계겠지 우린 안 맞는다고 질리게 들었어 네 맘이 떠나간 후로 혹시나 우리가 괜찮은 시절에 만나 잘해줬다면은 우리 조금은 다를까 너를 너무 사랑해서 그게 멀어지게 한 걸까 철이 없는 내 욕심인가 사랑이 식었다고 솔직히 말해도 돼 가슴 뛰는 설렘이 네게 온 거라고 나보다 좋은 사람이 너에게 생긴 거라고 아침이 까맣도록 취해 잊으려 날 망가뜨려도 남아 있는 너 나보다 더 어디 가 좋아서 떠난 거니 인정하려 해봐도 미워 내가 좀 더 잘나서 성공할 때쯤 네 앞에 서 볼게 그때 넌 홀로이기를,"36,997",2019,Monday Kiz,My love has faded away,E Major,12B,134.0,3:40,41.0,48.0,49.0,56.0,81.0,0.0,11.0,3.0,-5 dB,2019
28,HYNN (박혜원) 시든 꽃에 물을 주듯,시든 꽃에 물을 주듯,HYNN (박혜원),발라드,아무말도 아무것도 여전히 넌 여기 없고 널 원하고 널 원해도 난 외롭고 꽃이 피고 진 그 자리 끝을 몰랐었던 맘이 깨질 것만 같던 그때 우리 음 시든 꽃에 물을 주듯 싫은 표정조차 없는 결국엔 부서진 여기 우리 음 다 잊었니 말없이 다 잊었니 사랑한단 말로 날 가둬둔 채로 넌 잊었니 난 잊지 못하나봐 바보처럼 기다려 난 오늘도 어쩌다 이렇게 됐지 너무 예뻤잖아 둘이 매일 설레였지 그때 우린 음 시든 꽃에 물을 주듯 싫은 표정조차 없는 결국엔 부서진 여기 우리 다 잊었니 말없이 다 잊었니 사랑한단 말로 날 가둬둔 채로 넌 잊었니 난 잊지 못하나봐 바보처럼 기다린 바보처럼 빈 자릴 붙잡는 나 차라리 다 끝났다고 말해줘 이기적인 그 침묵에 또 나만 바보처럼 미련한 내가 미워 아무말도 아무것도 여전히 넌 여기 없고 널 원하고 널 원해도 난 지쳐가,"38,818",2019,HYNN,The Lonely Bloom Stands Alone,C# Major,3B,133.0,3:19,46.0,43.0,42.0,15.0,59.0,0.0,35.0,4.0,-6 dB,2019
29,폴킴 초록빛,초록빛,폴킴,발라드,버려진 담배꽁초 흔들리는 처량함 휘청거리는 휜 맥주 뚜껑에 난 또 감상에 젖어 오늘 밤은 뭔가가 왠지 달라서 혼자 있어도 외롭지가 않아서 보고 싶던 친구를 만나 초록빛의 신호등이 밝기만 하다 서있는 저 사람도 깜빡이고 서있지만 부딪히는 바람도 평화롭구나 내 마음이 변해서 더 그런가 해 흔들리는 바람에 휘날리는 나무도 내 마음을 간질여 예전의 나를 돋는다 초록빛의 신호등이 밝기만 하다 서있는 저 사람도 깜빡이고 서있지만 부딪히는 바람도 평화롭구나 내 마음이 변해서 더 그런가 해 흔들리는 바람에 휘날리는 나무도 내 마음을 간질여 예전의 나를 부딪히는 바람도 평화롭구나 내 마음이 변해서 더 그런가 해 흔들리는 바람에 휘날리는 나무도 내 마음을 간질여 예전의 나를 돋는다,"156,360",2019,Paul Kim,Traffic Light,C Major,8B,125.0,3:46,42.0,22.0,40.0,30.0,90.0,0.0,11.0,3.0,-10 dB,2019
30,거미 (GUMMY) 기억해줘요 내 모든 날과 그때를,기억해줘요 내 모든 날과 그때를,거미 (GUMMY),"발라드, 국내드라마",듣고있나요 나의 이 모든 얘기를 그댈 향한 내 깊은 진심을 매일 그리움 속에 그대를 불러보지만 닿을 수 없는 마음을 나도 이젠 알 것 같아요 내 안의 그대를 놓을 수 없네요 애써도 그게 잘 안돼요 마음과 반대로 밀어내려 할수록 이토록 더 아파지네요 기억하나요 나의 이 모든 얘기를 그댈 향한 내 깊은 진심을 매일 그리움 속에 그대를 불러보지만 닿을 수 없는 마음을 나도 이젠 알 것 같아요 스쳐가는 이 계절을 지나 언젠가는 멀어질 걸 아니까 더 모질게 그댈 밀어냈어요 너무 가슴이 미칠 듯 아파도 듣고 있나요 나의 이 모든 얘기를 그댈 향한 내 깊은 진심을 매일 그리움 속에 그대를 불러보지만 닿을 수 없는 마음을 나도 이젠 알 것 같아요 아무 이유 없이 눈물 나는 날에는 그댈 찾아가고 있네요 이렇게 기억해줘요 내 모든 날과 그때를 지울수록 선명해지니까 가슴 아프겠지만 그대를 보내야 해요 나를 기억해주세요 나 그대만 사랑했음을,"53,909",2019,GUMMY,기억해줘요 내 모든 날과 그때를,E Major,12B,136.0,3:49,54.0,53.0,39.0,25.0,80.0,0.0,18.0,4.0,-5 dB,2019
31,태연 (TAEYEON) 그대라는 시,그대라는 시,태연 (TAEYEON),"발라드, 국내드라마",언제부터인지 그대를 보면 운명이라고 느꼈던 걸까 밤하늘의 별이 빛난 것처럼 오랫동안 내 곁에 있어요 그대라는 시가 난 떠오를 때마다 외워두고 싶어 그댈 기억할 수 있게 슬픈 밤이 오면 내가 그대를 지켜줄게 내 마음 들려오나요 잊지 말아요 지나가는 계절 속에 내 마음은 변하지 않는단 걸 아나요 그저 바라보는 눈빛 그 하나로 세상을 다 가진 것 같은데 그대라는 시가 난 떠오를 때마다 외워두고 싶어 그댈 기억할 수 있게 슬픈 밤이 오면 내가 그대를 지켜줄게 내 마음 들려오나요 잊지 말아요 꽃이 피고 지는 날이 와도 이것 하나만 기억해줘요 그댈 향한 마음을 언젠가는 우리 멀어질지 몰라도 나는 그대라면 기다릴 수 있을 텐데 시간이 흘러도 내가 이곳에 서 있을게 그대 망설이지 말아요 그때가 오면,"241,680",2019,TAEYEON,그대라는 시,A Major,11B,136.0,3:29,34.0,29.0,53.0,47.0,91.0,0.0,12.0,4.0,-7 dB,2019
32,숀 (SHAUN) Way Back Home,Way Back Home,숀 (SHAUN),"인디음악, 일렉트로니카",멈춘 시간 속 잠든 너를 찾아가 아무리 막아도 결국 너의 곁인 걸 길고 긴 여행을 끝내 이젠 돌아가 너라는 집으로 지금 다시 way back home 아무리 힘껏 닫아도 다시 열린 서랍 같아 하늘로 높이 날린 넌 자꾸 내게 되돌아와 힘들게 삼킨 이별도 다 그대로인 걸 oh oh oh 수없이 떠난 길 위에서 난 너를 발견하고 비우려 했던 맘은 또 이렇게 너로 차올라 발걸음의 끝에 늘 니가 부딪혀 그만 그만 멈춘 시간 속 잠든 너를 찾아가 아무리 막아도 결국 너의 곁인 걸 길고 긴 여행을 끝내 이젠 돌아가 너라는 집으로 지금 다시 way back home 조용히 잠든 방을 열어 기억을 꺼내 들어 부서진 시간 위에서 선명히 너는 떠올라 길 잃은 맘 속에 널 가둔 채 살아 그만 그만 멈춘 시간 속 잠든 너를 찾아가 아무리 막아도 결국 너의 곁인 걸 길고 긴 여행을 끝내 이젠 돌아가 너라는 집으로 지금 다시 way back home 세상을 뒤집어 찾으려 해 오직 너로 완결된 이야기를 모든 걸 잃어도 난 너 하나면 돼 빛이 다 꺼진 여기 나를 안아줘 눈을 감으면 소리 없이 밀려와 이 마음 그 위로 넌 또 한 겹 쌓여가 내겐 그 누구도 아닌 니가 필요해 돌아와 내 곁에 그날까지 I’m not done,"25,129",2019,"SHAUN, Conor Maynard, Sam Feldt",Way Back Home (feat. Conor Maynard) - Sam Feldt Edit,B♭ Major,6B,106.0,3:12,71.0,75.0,74.0,45.0,27.0,0.0,22.0,3.0,-5 dB,2019
33,방탄소년단 봄날,봄날,방탄소년단,랩/힙합,보고 싶다 이렇게 말하니까 더 보고 싶다 너희 사진을 보고 있어도 보고 싶다 너무 야속한 시간 나는 우리가 밉다 이젠 얼굴 한번 보는 것 조차 힘들어진 우리가 여긴 온통 겨울 뿐이야 8월에도 겨울이 와 마음은 시간을 달려가네 홀로 남은 설국열차 니 손 잡고 지구 반대편까지 가 겨울을 끝내고파 그리움들이 얼마나 눈처럼 내려야 그 봄날이 올까 Friend 허공을 떠도는 작은 먼지처럼 작은 먼지처럼 날리는 눈이 나라면 조금 더 빨리 네게 닿을 수 있을 텐데 눈꽃이 떨어져요 또 조금씩 멀어져요 보고 싶다 보고 싶다 보고 싶다 보고 싶다 얼마나 기다려야 또 몇 밤을 더 새워야 널 보게 될까 널 보게 될까 만나게 될까 만나게 될까 추운 겨울 끝을 지나 다시 봄날이 올 때까지 꽃 피울 때까지 그곳에 좀 더 머물러줘 머물러줘 니가 변한 건지 니가 변한 건지 아니면 내가 변한 건지 내가 변한 건지 이 순간 흐르는 시간조차 미워 우리가 변한 거지 뭐 모두가 그런 거지 뭐 그래 밉다 니가 넌 떠났지만 단 하루도 너를 잊은 적이 없었지 난 솔직히 보고 싶은데 이만 너를 지울게 그게 널 원망하기보단 덜 아프니까 시린 널 불어내 본다 연기처럼 하얀 연기처럼 말로는 지운다 해도 사실 난 아직 널 보내지 못하는데 눈꽃이 떨어져요 또 조금씩 멀어져요 보고 싶다 보고 싶다 보고 싶다 보고 싶다 얼마나 기다려야 또 몇 밤을 더 새워야 널 보게 될까 널 보게 될까 만나게 될까 만나게 될까 You know it all You're my best friend 아침은 다시 올 거야 어떤 어둠도 어떤 계절도 영원할 순 없으니까 벚꽃이 피나봐요 이 겨울도 끝이 나요 보고 싶다 보고 싶다 보고 싶다 보고 싶다 조금만 기다리면 며칠 밤만 더 새우면 만나러 갈게 만나러 갈게 데리러 갈게 데리러 갈게 추운 겨울 끝을 지나 다시 봄날이 올 때까지 꽃 피울 때까지 그곳에 좀 더 머물러줘 머물러줘,"622,383",2019,BTS,Take Two,G Major,9B,93.0,3:50,71.0,59.0,62.0,57.0,3.0,0.0,38.0,3.0,-6 dB,2019
34,방탄소년단 IDOL,IDOL,방탄소년단,랩/힙합,You can call me artist You can call me idol 아님 어떤 다른 뭐라 해도 I don't care I'm proud of it 난 자유롭네 No more irony 나는 항상 나였기에 손가락질 해 나는 전혀 신경 쓰지 않네 나를 욕하는 너의 그 이유가 뭐든 간에 I know what I am I know what I want I never gon' change I never gon' trade Trade off 뭘 어쩌고 저쩌고 떠들어대셔 I do what I do 그니까 넌 너나 잘하셔 You can't stop me lovin' myself 얼쑤 좋다 You can't stop me lovin' myself 지화자 좋다 You can't stop me lovin' myself OHOHOHOH OHOHOHOHOHOH OHOHOHOH 덩기덕 쿵더러러 얼쑤 OHOHOHOH OHOHOHOHOHOH OHOHOHOH 덩기덕 쿵더러러 얼쑤 Face off 마치 오우삼 ay Top star with that spotlight ay 때론 슈퍼히어로가 돼 돌려대 너의 Anpanman 24시간이 적지 헷갈림 내겐 사치 I do my thang I love myself I love myself I love my fans Love my dance and my what 내 속안엔 몇 십 몇 백명의 내가 있어 오늘 또 다른 날 맞이해 어차피 전부 다 나이기에 고민보다는 걍 달리네 Runnin' man Runnin' man Runnin' man 뭘 어쩌고 저쩌고 떠들어대셔 I do what I do 그니까 넌 너나 잘하셔 You can't stop me lovin' myself 얼쑤 좋다 You can't stop me lovin' myself 지화자 좋다 You can't stop me lovin' myself OHOHOHOH OHOHOHOHOHOH OHOHOHOH 덩기덕 쿵더러러 얼쑤 OHOHOHOH OHOHOHOHOHOH OHOHOHOH 덩기덕 쿵더러러 얼쑤 I'm so fine wherever I go 가끔 멀리 돌아가도 It's okay I'm in love with my-my myself It's okay 난 이 순간 행복해 얼쑤 좋다 You can't stop me lovin' myself 지화자 좋다 You can't stop me lovin' myself OHOHOHOH OHOHOHOHOHOH OHOHOHOH 덩기덕 쿵더러러 얼쑤 OHOHOHOH OHOHOHOHOHOH OHOHOHOH 덩기덕 쿵더러러 얼쑤,"622,383",2019,BTS,IDOL,A Major,11B,126.0,3:43,74.0,86.0,73.0,42.0,0.0,0.0,12.0,12.0,-3 dB,2019
35,화사 (HWASA) 멍청이(twit),멍청이(twit),화사 (HWASA),댄스,너는 멍청이 twit twit twit twit I don't like it Nobody likes it 가녀린 심청이 twit twit twit twit I don't like it Nobody likes it 너는 멍청이 나밖에 모르는 사나이 가녀린 심청이 한 번씩 주위를 둘러봐 너는 아파도 모르고 있잖아 You make me royal You make me hero You make me genius 주는 게 많아 근데 왜 너만 불행해질까 나를 위해서만 숨을 쉬니까 너무 외로워 보여 너는 멍청이 twit twit twit twit I don't like it Nobody likes it 가녀린 심청이 twit twit twit twit I don't like it Nobody likes it twit twit twit twit 우린 길을 잃었어 twit twit twit twit 나밖에 모르는 너는 멍청이 내가 멍청이 너를 병들게 한 싸가지 악마의 속삭임 욕심이 널 밀어내니까 내가 늦더라도 기다리지마 I make you patient I make you puppy I make you hungry 주는 게 없지 근데 왜 나도 불행해질까 나를 위해서만 숨을 쉬지마 너무 외로워 보여 너는 멍청이 twit twit twit twit I don't like it Nobody likes it 가녀린 심청이 twit twit twit twit I don't like it Nobody likes it twit twit twit twit 우린 길을 잃었어 twit twit twit twit 나 밖에 모르는 너는 아이야 아이야이야 baby sky야 아이야이야 야이야 너는 멍청이 twit twit twit twit I don't like it Nobody likes it 가녀린 심청이 twit twit twit twit I don't like it Nobody likes it twit twit twit twit 우린 길을 잃었어 twit twit twit twit 나 밖에 모르는 너는 멍청이,"53,448",2019,HWASA,TWIT,F Minor,4A,136.0,3:11,58.0,81.0,68.0,58.0,12.0,0.0,26.0,20.0,-3 dB,2019
36,이소라 신청곡 (Feat. SUGA of BTS),신청곡 (Feat. SUGA of BTS),이소라,발라드,창밖엔 또 비가 와 이럴 땐 꼭 네가 떠올라 잠이 오지 않아 내방엔 이 침묵과 쓸쓸한 내 심장 소리가 미칠 것만 같아 So I turn on my radio 낯선 목소리가 들려오고 And on the radio 슬픈 그 사연이 너무 내 얘기 같아서 Hey DJ play me a song to make me smile 마음이 울적한 밤에 나 대신 웃어줄 그를 잊게 해줄 노래 Hey DJ play me a song to make me cry 가슴이 답답한 밤에 나 대신 울어줄 그를 잊게 해줄 노래 치열했던 하루를 위로하는 어둠마저 잠든 이 밤 수백 번 나를 토해내네 그대 아프니까 난 당신의 삶 한 귀퉁이 한 조각이자 그대의 감정들의 벗 때로는 familia 때때론 잠시 쉬어 가고플 때 함께임에도 외로움에 파묻혀질 때 추억에 취해서 누군가를 다시 게워낼 때 그때야 비로소 난 당신의 음악이 됐네 그래 난 누군가에겐 봄 누군가에게는 겨울 누군가에겐 끝 누군가에게는 처음 난 누군가에겐 행복 누군가에겐 넋 누군가에겐 자장가이자 때때로는 소음 함께 할게 그대의 탄생과 끝 어디든 함께 임을 기억하기를 언제나 당신의 삶을 위로할 테니 부디 내게 가끔 기대어 쉬어가기를 So I turn on my radio 낯선 목소리가 들려오고 And on the radio 슬픈 그 사연이 너무 내 얘기 같아서 Hey DJ play me a song to make me smile 마음이 울적한 밤에 나 대신 웃어줄 그를 잊게 해줄 노래 Hey DJ play me a song to make me cry 가슴이 답답한 밤에 나 대신 울어줄 그를 잊게 해줄 노래 창밖엔 또 비가 와 이럴 땐 꼭 네가 떠올라 잠이 오지 않아 난 어쩔 수 없나 봐,"35,615",2019,"Lee So Ra, SUGA",Song Request (feat. SUGA of BTS),D Major,10B,176.0,4:41,57.0,59.0,48.0,45.0,71.0,0.0,14.0,9.0,-7 dB,2019
37,Jvcki Wai 띵 (Prod. By 기리보이),띵 (Prod. By 기리보이),Jvcki Wai,랩/힙합,아마 난 이번 겨울이 끝나도 살아남을 거야 인마 너는 말했지 여자 래퍼 수명 2년이라고 근데 이미 5년째 꼭 붙어있지 이젠 이 바닥 밑바닥도 아닌 꼭대기 넌 신경 써봐 니 안위 허무하지 될년된 shit 봐 내 지금 개런티 니들 다 환장하는 돈 hunnit bandz on me hunnit racks on me 난 못 세어 더는 못 세어 I got some things drippin’ make’em rain on me 내 목에서 흘러내려 올해도 내년도 우리 거 복면 안 쓰고 다 물리쳐 한여름 태양보다 더 뜨거워 차가운 것들은 내 목에 머리가 띵 머리가 띵하게 차가워 머리가 띵하게 차가워 불도저같이 쓸어 담어 우리는 띵 우리는 띵곡을 팔아 너넬 또 미치게 만들어 불러 어디든지 달려가 띵띵 훅 땜에 머리 freeze freeze 짜여지지 여기 팀이 수험생들 맞어 빔 힙스터도 맞어 빔 우린 돌아 버려 빙빙 빙빙 빙빙 다 star 됐지 연락해 IM이 올랐네 JM이 몰랐댔지만 가졌지 18년 god damn 춤춰 춰 춰 춰 뛰지 무대 위 열나게 추워 추워 추워 추워 이번 track이 폴라텍 We on chart 재미로 밖에 닌 몰라 왜 Bet 영비 오션 재키 요한에 겨울에 이 노래가 불같애 너넬 녹이지 얼음 같게 더워 바지 벗어 영비 같게 더워 바지 벗어 영비 같게 올해도 내년도 우리 거 복면 안 쓰고 다 물리쳐 한여름 태양보다 더 뜨거워 차가운 것들은 내 목에 머리가 띵 머리가 띵하게 차가워 머리가 띵하게 차가워 불도저같이 쓸어 담어 우리는 띵 우리는 띵곡을 팔아 너넬 또 미치게 만들어 불러 어디든지 달려가 날씨 머릴 깨 다시 가릴 때지 한여름 내 눈 바빴고 이젠 미련 버릴 때 wait 얼음 wait 왜 너는 왜 이불을 두르고도 불이 났니 내 눈알에 무리가 가 남자는 뇌가 두 개 난 하날 껐네 난 말을 걸고 너는 매를 벌어 이 밤이 가기 전 눈앞이 번져 널 안기 전엔 머리 위에 쟤를 털어 눈물을 닦을 때 우린 불이 꺼져 우린 불이 꺼져 이젠 얼음 땡 별일 없듯 넌 발걸음 떼 우리끼리 놀 땐 개 민폐 딩고 띵곡 벌어 새 지폐 머리가 띵 얼음 같지 눈 몰리면 머리가 띵 얼어붙지 내리막길 해버리게 머리 마취 걔네 거 들으면 머리에 침 아야 걔네 거 들으면 감기 에취 아파 우리 거 들으면 머리에 띵 아싸 우리 건 들으면 머리에 빔 발사 IMJM 떡상 배팅 천재노창 복귀에 배팅 딩고 우리 덕에 매출 갱신 띵곡 우리 덕에 탄생했지 난 힙합씬의 초 희귀종 락스타 예 난 미안 진심 우리 뺌 하극상 예 난 움직이는 초고가 암막 커튼 2019년도 다 해 먹거든 올해도 내년도 우리 거 복면 안 쓰고 다 물리쳐 한여름 태양보다 더 뜨거워 차가운 것들은 내 목에 머리가 띵 머리가 띵하게 차가워 머리가 띵하게 차가워 불도저같이 쓸어 담어 우리는 띵 우리는 띵곡을 팔아 너넬 또 미치게 만들어 불러 어디든지 달려가,"41,420",2019,"Jvcki Wai, YANGHONGWON, Osshun Gum, Han Yo Han",DDING (Prod. By GIRIBOY),C Minor,5A,154.0,3:47,43.0,77.0,83.0,91.0,28.0,0.0,12.0,14.0,-2 dB,2019
38,윤건 너도 그냥 날 놓아주면 돼,너도 그냥 날 놓아주면 돼,윤건,발라드,반복돼 오늘도 이렇게 힘겨운 스물네 시간 반복돼 오늘도 머리속엔 온통 너라는 사람 또 반복해 오늘도 너에게 하지 못한 말 수없이 반복해 나도 모르게 너와 함께 듣던 이 노래 마지막까지 날 걱정해주던 니 눈빛 잘 알아 그만큼 우리 미치도록 사랑했잖아 늘 안쓰러워하던 그날들이 지나가면 이젠 너도 맘 아플 일 없을 거니까 흔들리지마 이젠 나는 괜찮아 너도 이젠 너의 갈길 그대로 그냥 가면 돼 내가 널 놓을 수 있게 너도 그냥 날 놓아주면 돼 아픈 기억들만 내게 두고 제발 가 반복돼 오늘도 이렇게 멍청히 하루가 또 반복해 나도 모르게 너와 함께 듣던 이 노래 마지막까지 날 위로해주던 니 눈물 잘 알아 그만큼 우리 미치도록 힘들었잖아 사랑한 만큼 아프던 그날들이 지나가면 이젠 너도 좋은 기억만 남을 거니까 흔들리지마 이젠 나는 괜찮아 너도 이젠 너의 갈길 그대로 그냥 가면 돼 내가 널 놓을 수 있게 너도 그냥 날 놓아주면 돼 좋은 기억들만 가지고 제발 가 네가 잘 지냈으면 좋겠어 행복하면 더 좋고 흔들리지마 이젠 나는 괜찮아 너도 이젠 너의 갈길 그대로 그냥 가면 돼 내가 널 놓을 수 있게 너도 그냥 날 놓아주면 돼 아픈 기억들만 내게 두고 제발 가 제발 가,"11,516",2019,YOON GUN,Just Let Me Go,C# Major,3B,140.0,4:09,31.0,50.0,48.0,28.0,57.0,0.0,13.0,3.0,-4 dB,2019
39,장범준 당신과는 천천히,당신과는 천천히,장범준,록/메탈,퇴근 시간 전에는 시간이 너무 느리게 가는데 왜 집에만 오면 시간이 너무 빨라서 아쉬워 제대로 못 쉬고 평일 일과 중에는 시간이 너무 느리게 가는데 왜 주말만 되면 시간이 너무 빨라서 아쉬워 제대로 못 자고 그냥 시간이 똑같이 흘러가기만이라도 좋은 순간만은 천천히 사랑의 꿈에 취해 뒤척이는 밤이라도 당신과 함께 순간만은 천천히 당신과는 천천히 당신과는 천천히 그저 시간이 똑같이 흘러가기만이라도 좋은 순간만은 천천히 사랑의 꿈에 취해 뒤척이는 밤이라도 당신과 함께 순간만은 천천히 당신과는 천천히 당신과는 천천히 아쉬운 밤과 이별이 무서워요 나는 내일 하루 시작이 우 이 모든 밤을 천천히 좋은 사람 당신 당신과는 천천히 그녀를 보면서 짧은 밤들을 그녀를 보면서 잠못 드네요 그녀를 보면서 짧은 밤들을 그녀의 곁에서 당신과는 천천히,"98,923",2019,Jang Beom June,every moment with you,A Minor,8A,120.0,3:60,35.0,55.0,59.0,36.0,23.0,0.0,30.0,3.0,-6 dB,2019
40,BLACKPINK Kill This Love,Kill This Love,BLACKPINK,랩/힙합,천사 같은 Hi 끝엔 악마 같은 Bye 매번 미칠듯한 High 뒤엔 뱉어야 하는 Price 이건 답이 없는 Test 매번 속더라도 Yes 딱한 감정의 노예 얼어 죽을 사랑해 Here I come kick in the door 가장 독한 걸로 줘 뻔하디 뻔한 그 love 더 내놔봐 give me some more 알아서 매달려 벼랑 끝에 한마디면 또 like 헤벌레 해 그 따뜻한 떨림이 새빨간 설렘이 마치 heaven 같겠지만 you might not get in it Look at me Look at you 누가 더 아플까 You smart 누가 You are 두 눈에 피눈물 흐르게 된다면 So sorry 누가 You are 나 어떡해 나약한 날 견딜 수 없어 애써 두 눈을 가린 채 사랑의 숨통을 끊어야겠어 LET’S KILL THIS LOVE LET’S KILL THIS LOVE Feelin’ like a sinner Its so fire with him I go boo hoo He said you look crazy Thank you baby I owe it all to you Got me all messed up His love is my favorite But you plus me sadly can be dangerous Lucky me Lucky you 결국엔 거짓말 we lie So what so what 만약에 내가 널 지우게 된다면 So sorry I’m not sorry 나 어떡해 나약한 날 견딜 수 없어 애써 눈물을 감춘 채 사랑의 숨통을 끊어야겠어 LET’S KILL THIS LOVE LET’S KILL THIS LOVE We all commit to love That makes you cry We’re all making love That kills you inside We must kill this love Yeah it’s sad but true Gotta kill this love Before it kills you too Kill this love Yeah it’s sad but true Gotta kill this love Gotta kill let’s kill this love,"225,912",2019,BLACKPINK,Kill This Love,D Minor,7A,132.0,3:11,75.0,84.0,76.0,65.0,32.0,0.0,23.0,19.0,-5 dB,2019
41,임한별 이별하러 가는 길,이별하러 가는 길,임한별,발라드,소란한 내 맘을 누군가 볼까봐 애써 웃는 척 해 사실 나는 누구보다 아픈 중인데 많은 날이 지나면 덤덤하게 잊혀지겠지 다시 또 살아가면서 누군갈 사랑하면서 그렇게 이별하러 가는 길 참 맑기도 하다 널 떼러 가는 길 아무 예고 없이 갑자기 맞이할 이별에 많이 힘들지 몰라 미안해 다신 사랑 안 한단 거짓말 뒤로 우는 널 남긴 채 나 차갑게 떠난다 우리 이제는 안녕 안녕 차라리 나를 미워해 화도 못 내는 네게 너무 쉽게 던진 말 그 말 그게 참 가슴에 남아 미안하단 말 못한 게 후회돼 이별하러 가는 길 참 맑기도 하다 널 떼러 가는 길 아무 예고 없이 갑자기 맞이할 이별에 많이 힘들지 몰라 미안해 다신 사랑 안 한단 거짓말 뒤로 우는 널 남긴 채 나 차갑게 떠난다 우리 이제는 안녕 안녕 다 잊어줘 보란듯이 더 잘 살아가줘 차마 하지 못한 말 붙잡아달란 말 우리 사랑한 그 만큼 그 만큼 아파 미치도록 그리울 사랑아 이게 나란 남자야 못 되고 비겁해 널 울게 만들고 또 니 행복을 빌어 우리 이제는 안녕 안녕 안녕,"23,406",2019,Onestar,The Way To Say Goodbye,E Major,12B,132.0,5:07,41.0,56.0,29.0,23.0,54.0,0.0,11.0,3.0,-5 dB,2019
42,제니 (JENNIE) SOLO,SOLO,제니 (JENNIE),랩/힙합,천진난만 청순가련 새침한 척 이젠 지쳐 나 귀찮아 매일 뭐 해 어디야 밥은 잘 자 Baby 자기 여보 보고 싶어 다 부질없어 You got me like 이건 아무 감동 없는 Love Story 어떤 설렘도 어떤 의미도 네겐 미안하지만 I’m not sorry 오늘부터 난 난 난 빛이 나는 솔로 빛이 나는 솔로 I’m going solo lo lo lo lo lo I’m going solo lo lo lo lo lo Used to be your girl Now I’m used to being the GOAT You’re sittin’ on your feelings I’m sittin’ on my throne I ain’t got no time for the troubles in your eyes This time I’m only lookin’ at me myself and I I’m goin' solo I’ma do it on my own now Now that you’re alone got you lookin’ for a clone now So low That’s how I’m gettin’ down Destined for this and the crown Sing it loud like 이건 아무 감동 없는 Love Story 어떤 설렘도 어떤 의미도 네겐 미안하지만 I’m not sorry 오늘부터 난 난 난 빛이 나는 솔로 빛이 나는 솔로 I’m going solo lo lo lo lo lo I’m going solo lo lo lo lo lo 만남 설렘 감동 뒤엔 이별 눈물 후회 그리움 홀로인 게 좋아 난 나다워야 하니까 자유로운 바람처럼 구름 위에 별들처럼 멀리 가고 싶어 밝게 빛나고 싶어 빛이 나는 솔로 I’m going solo lo lo lo lo lo I’m going solo lo lo lo lo lo,"56,766",2019,JENNIE,SOLO,E♭ Minor,2A,95.0,2:50,71.0,64.0,75.0,39.0,9.0,0.0,10.0,9.0,-5 dB,2019
43,폴킴 비,비,폴킴,R&B/Soul,비가 내리다 말다 우산을 챙길까 말까 tv엔 맑음이라던데 네 마음도 헷갈리나봐 비가 또 내리다 말다 하늘도 우울한가봐 비가 그치고나면 이번엔 내가 울것만같아 Strumming down to my memories 지직거리는 라디오에선 또 뻔한 love song 잊고있던 아픈 설레임 널 생각나게해 우리 걷던 이길위에 흘러나오던 멜로디 흥얼거렸었지 넌 어디있니 하늘은 이렇게 맑은데 비에 젖은 내 마음을 따뜻하게도 비춰주던 너는 나에게 햇살같아 그런널 왜 난 보냈을까 Good bye So hard to lose but easy to repeat 푹 숙인 얼굴 날 알아봤을까 I'm losing my breathe 잊고 싶던 아픈 기억들 날 더 힘들게해 시간가는 줄도 모르고 나눴던 수많은 밤과 사랑노래 꿈보다 달콤했지 쉽게 포기한건아닌지 우연히널 마주친 순간 내 마음 들킬까봐 뒤돌아섰어 널 잡았다면 그런 널 왜 난 보냈을까 우리 걷던 이길위에 흘러나오던 멜로디 흥얼거렸었지 넌 어디있니 하늘은 이렇게 맑은데 비에 젖은 내 마음을 따뜻하게도 비춰주던 너는 나에게 햇살같아 그런널 왜 난 보냈을까 Good bye,"156,360",2019,Paul Kim,Rain,A♭ Major,4B,130.0,3:57,47.0,55.0,39.0,17.0,90.0,0.0,12.0,5.0,-6 dB,2019
44,케이윌 내 생에 아름다운,내 생에 아름다운,케이윌,"발라드, 국내드라마",Don't walk away I'm falling down Don't walk away I'm falling down 깊어져만 가는 밤하늘 별빛은 여전히 그 자리 그대를 기다리죠 한참을 말하지 않아도 그대 두 눈 들여다보면 나는 알아요 그대를 느끼죠 햇살 안은 밤하늘 수평선 멀리 그대의 별 되어 늘 그대를 지킬게요 내 생에 가장 아름다운 시간들 나 그댈 위해 간직해온 짙은 숨결 그대에게 닿기를 바래요 Don't walk away I'm falling down Don't walk away I'm falling down 점점 멀어지는 한동안 그대 외로이 힘없이 지나간 나날들 나는 아파요 그대를 느끼죠 햇살 안은 밤하늘 수평선 멀리 그대의 별 되어 늘 그대를 지킬게요 내 생에 가장 아름다운 시간들 나 그댈 위해 간직해온 짙은 숨결 전해지길 바래요 오직 나 그대가 내 맘 흐르는 하늘을 바라봐줘요 한걸음 다가와 멀어지진 말아줘요 하루하루 같은 이곳에 남겨져 나 그대에게 머물게요 내 생에 가장 아름다운 그대와 영원히,"76,250",2019,K.Will,Beautiful Moment,E♭ Major,5B,128.0,3:59,51.0,47.0,43.0,33.0,75.0,0.0,19.0,3.0,-7 dB,2019
45,TWICE (트와이스) YES or YES,YES or YES,TWICE (트와이스),댄스,Hey boy Look I’m gonna make this simple for you you got two choices YES or YES Ah 둘 중에 하나만 골라 YES or YES Ah ah 하나만 선택해 어서 YES or YES 내가 이렇게도 이기적이었던가 뭔가 이렇게 갖고 싶던 적 있었나 다 놀라 내 뻔뻔함에 Come on and tell me yes 생각보다 과감해진 나의 시나리오 이 정도 Plan이면 완벽해 만족해 I don’t care 누가 뭐래도 You better tell me yes 내 맘은 정했어 YES 그럼 이제 네 대답을 들을 차례 힘들면 보기를 줄게 넌 고르기만 해 고민할 필요도 없게 해줄게 뭘 고를지 몰라 준비해봤어 둘 중에 하나만 골라 YES or YES 네 마음을 몰라 준비해봤어 하나만 선택해 어서 YES or YES 싫어는 싫어 나 아니면 우리 선택을 존중해 거절은 거절해 선택지는 하나 자 선택은 네 맘 It’s all up to you 둘 중에 하나만 골라 YES or YES 진심일까 Do not guess 진심이니 Do not ask 애매한 좌우 말고 확실히 위아래로 There’s no letters N & O 지워버릴래 오늘부로 복잡하게 고민할 필요 없어 정답은 YES YES YO 없던 이기심도 자극하는 너의 눈과 널 향한 호기심이 만나서 타올라 타오른다 My heart burn burn burn 조금 쉽게 말하자면 넌 뭘 골라도 날 만나게 될 거야 뭐 좀 황당하긴 해도 억지라고 해도 절대 후회하지 않게 해줄게 뭘 고를지 몰라 준비해봤어 둘 중에 하나만 골라 YES or YES 네 마음을 몰라 준비해봤어 하나만 선택해 어서 YES or YES 싫어는 싫어 나 아니면 우리 선택을 존중해 거절은 거절해 선택지는 하나 자 선택은 네 맘 Now it’s all up to you Maybe not No No Maybe yes No No 좀 더 선명하게 네 맘을 내게 보여봐 귀 기울여봐 무슨 소리가 들리지 않니 It's Simple Y E S Hey 둘 중에 하나만 골라 YES or YES 하나만 선택해 어서 YES or YES 하나 더 보태서 YES or YES or YES 골라봐 자 선택은 네 맘 뭘 고를지 몰라 준비해봤어 둘 중에 하나만 골라 YES or YES 네 마음을 몰라 준비해봤어 하나만 선택해 어서 YES or YES 싫어는 싫어 나 아니면 우리 선택을 존중해 거절은 거절해 선택지는 하나 자 선택은 네 맘 It’s all up to you 하나만 선택해 어서 YES or YES,"172,687",2019,TWICE,YES or YES,B Major,1B,138.0,3:58,68.0,91.0,70.0,74.0,5.0,0.0,17.0,4.0,-3 dB,2019
46,EXO Love Shot,Love Shot,EXO,댄스,차갑도록 서롤 겨눈 채 날이 선 듯 그 목소리엔 숨막히는 것만 가득해 Oh oh oh oh oh Aye ye 눈을 가린 채로 그렇게 굳게 닫아버린 서로의 맘이 애써 외면하는 걸 Ah 타들어가 갈라질 듯 숨이 막혀와 갈증이 나 이 한 잔을 가득히 담아 넘칠 듯한 위태론 오늘 밤을 난 It's the love shot Na nanana nananana Na nanana nanana Na nanana nananana Oh oh oh oh oh It's the love shot Na nanana nananana Na nanana nanana Na nanana nananana Oh oh oh oh oh It's the love shot 비틀려버린 love & hate 아름다웠던 기억들 하얗게 물들여져 조금씩 바래어가 매일 더 깊어져 calm down 상처가 되는 말과 검게 타버린 마음 Where is love Yeah yeah yeah yeah 눈과 귀를 막고 억지로 헤매봐도 결국 정답은 love too much ego에 주린 배를 불리고 비어버린 한 잔의 compassion 이제 다시 채워 들어보자 다 It's the love shot Na nanana nananana Na nanana nanana Na nanana nananana Oh oh oh oh oh It's the love shot Na nanana nananana Na nanana nanana Na nanana nananana Oh oh oh oh oh It's the love shot People come and people go 세상에 멈춰선 너와 난 무뎌진 감정들에 서서히 익숙해져가 심장이 타 메마르다 갈라질 듯한 믿음에 난 너로 적셔 틈을 채워가 꺼질 듯한 내 맘에 불을 붙여놔 Yeah It's the love shot Na nanana nananana Na nanana nanana Na nanana nananana Oh oh oh oh oh It's the love shot Na nanana nananana Na nanana nanana Na nanana nananana Oh oh oh oh oh It's the love shot,"296,483",2019,EXO,Love Shot,F Minor,4A,146.0,3:20,71.0,68.0,69.0,34.0,7.0,0.0,9.0,12.0,-4 dB,2019
47,박효신 Goodbye,Goodbye,박효신,발라드,멀어져 가는 오후를 바라보다 스쳐 지나가 버린 그때 생각이나 기억 모퉁이에 적혀 있던 네가 지금 여기에 있다 이젠 멈춰버린 화면 속에서 내게 여름처럼 웃고 있는 너 어쩌면 이번이 마지막 Goodbye 오래 머물러 주어서 고마워 이 말이 뭐라고 그렇게 어려웠을까 이제 Goodbye 우린 다른 꿈을 찾고 있던 거야 아주 어린 날 놀던 숨바꼭질처럼 해가 저물도록 혼자 남은 내가 지금 여기에 있다 이미 멈춰버린 화면 속에서 내게 여름처럼 웃고 있는 너 어쩌면 이번이 마지막 Goodbye 오래 머물러 주어서 고마워 이 말이 뭐라고 이렇게 힘들었을까 손에 꼭 쥐었던 너와의 Goodbye 끝내 참지 못한 눈물이 나 어쩌면 오늘이 마지막 Goodbye 함께 했던 모든 날이 좋았어 이 말이 뭐라고 그렇게 어려웠을까 이제 Goodbye Goodbye,"211,130",2019,Park Hyo Shin,Goodbye,G Major,9B,129.0,4:48,49.0,41.0,33.0,26.0,71.0,0.0,31.0,3.0,-8 dB,2019
48,볼빨간사춘기 별 보러 갈래?,별 보러 갈래?,볼빨간사춘기,"인디음악, 포크/블루스",maybe it's like a dream I see the stars over me maybe it's like a magic I know you you you're my star saturday night 재미없는 얘기 no beer no cheers 우리 둘만 여기 재미없는 사람끼리 눈이 맞았나 봐 you've heard of my songs 어떤 별을 가장 좋아하냐며 미소를 띠고 내게 말해 별 보러 갈래 listen to our favorite songs 좋아하는 노랠 듣고 웃고 떠들다 보면 we drive away 어느새 멋진 바다 위로 별들이 쏟아져내려 can’t you see the stars they called it milky way 쏟아져 머리 위로 넌 나를 업고 모래사장을 뛰어다녀 yeah 그중 가장 예쁜 저 별을 찾아서 밤이 새도록 뛰어다니고 stars are over me maybe I know the name I see the stars over me maybe you got a planet I know you you got my star everyday night 매일 같은 얘기 no feeling no chilling 우리 둘만 여기 재미없는 사람끼리 눈이 맞았나 봐 you've heard of my songs 어떤 별을 가장 좋아하냐며 미소를 띠고 내게 말해 별 보러 갈래 listen to our favorite songs 좋아하는 노랠 듣고 웃고 떠들다 보면 we drive away 어느새 멋진 바다 위로 별들이 쏟아져내려 can’t you see the stars 모래 위에 누워서 저 별을 다 세보다가 아름다웠던 우리 이 순간을 저 별에 담아서 we fell in love see the star be your star yeah yeah they called it milky way 쏟아져 머리 위로 넌 나를 업고 모래사장을 뛰어다녀 yeah 그중 가장 예쁜 저 별을 찾아서 밤이 새도록 뛰어다니고 stars are over me,"256,581",2019,BOL4,Stars over me,E Major,12B,98.0,3:21,44.0,74.0,65.0,47.0,64.0,0.0,9.0,4.0,-4 dB,2019
49,백예린 (Yerin Baek) 그건 아마 우리의 잘못은 아닐 거야,그건 아마 우리의 잘못은 아닐 거야,백예린 (Yerin Baek),R&B/Soul,사실은 나도 잘 모르겠어 불안한 마음은 어디에서 태어나 우리에게까지 온 건지 나도 모르는 새에 피어나 우리 사이에 큰 상처로 자라도 그건 아마 우리의 잘못은 아닐 거야 그러니 우린 손을 잡아야 해 바다에 빠지지 않도록 끊임없이 눈을 맞춰야 해 가끔은 너무 익숙해져 버린 서로를 잃어버리지 않도록 나도 모르는 새에 피어나 우리 사이에 자주 아픔을 줘도 그건 아마 우리를 더 크게 해줄 거야 그러니 우린 손을 잡아야 해 바다에 빠지지 않도록 끊임없이 눈을 맞춰야 해 가끔은 너무 익숙해져 버린 서로를 잃어버리지 않도록 익숙해진 아픈 마음들 자꾸 너와 날 놓아주지 않아 우린 행복할 수 있을까 그러니 우린 손을 잡아야 해 바다에 빠지지 않도록 끊임없이 눈을 맞춰야 해 가끔은 너무 익숙해져 버린 서로를 잃어버리지 않도록,"193,991",2019,ZZang KARAOKE,Maybe It's Not Our Fault (그건 아마 우리의 잘못은 아닐 거야) (Originally Perfomed By Yerin Baek(백예린)) (Instrumental Karaoke Version),F Major,7B,96.0,3:53,0.0,48.0,68.0,54.0,32.0,91.0,10.0,3.0,-9 dB,2019
50,에픽하이 (EPIK HIGH) 술이 달다 (Feat. Crush),술이 달다 (Feat. Crush),에픽하이 (EPIK HIGH),랩/힙합,흔들 흔들거리는 다리와 빙글빙글 도는 내 머리가 널 널 지우는 중 울렁 울렁거리는 가슴과 쿵쿵 쿵쿵거리는 심장이 널 널 지우는 중 애써 애써 너를 지우려고 해 바보처럼 이렇게 전부 망가지는데 애써 애써 너를 잊으려고 해 바보처럼 이렇게 I will never be okay 어쩌면 너를 널 지우다 내가 지워질 것 같아 달은 차갑고 오늘따라 술이 달다 이럼 안 되는데 널 지우려해 이건 망가지는게 아니야 너만 알던 몸과 마음이 새 살 돋게 하려고 행하는 초기화 계절이 바뀌어 하는 탈바꿈일 뿐 널 벗고 알몸이 돼 상처 입고 애를 쓰는 중 술에 술을 섞듯 독에 독을 섞어 해독이 되길 바라는게 뭐가 새롭지 해롭지만 so is love 꽃길의 흔적이 가시밭길인 건 안 보이는 법 줄담배 안개가 갤 때쯤 I'll wake up 추락해 밑바닥 칠 때쯤 I’ll wake up 못 살리는 건 고이 재워주는것이 break up 네가 눈앞에 헛것이라도 되게 Imma drink up 이렇게 애써 애써 너를 지우려고 해 바보처럼 이렇게 전부 망가지는데 어쩌면 너를 널 지우다 내가 지워질 것 같아 달은 차갑고 오늘따라 술이 달다 이럼 안 되는데 널 지우려해 흔들 흔들거리는 다리와 빙글빙글 도는 내 머리가 널 널 지우는 중 습관이 됐나 술로 소독하지 매일 밤 아물만 하면 bleed 하는 베인 마음 필름 끊어져야 잠이 들고 깨면 되감겨 반복되는 엔딩 장면들이 내 일상 서울 하늘에 저 달이 홀로 떠있듯이 나 홀로 지키네 어둠만 남은 거실을 네가 남긴 흔적은 집안 곳곳에서 지웠지만 미련은 아직 내 손 못 놓네 어쩌면 영원보다 질긴 정을 떼고나니 주정만 남았나봐 술 한잔에 눈물 쏟다가 미친놈처럼 웃지 어서 그 독을 잔 넘치게 따라봐 내가 이렇게 애써 애써 너를 지우려고 해 바보처럼 이렇게 전부 망가지는데 어쩌면 너를 잠이 안 와 네 생각이나 이별은 쓰고 술은 너무 달다 I’ve been tryin’ to erase ya I’ve been tryin’ to erase ya 이렇게 애써 널 지우려 해 애써 널 널 지우다 내가 지워질 것 같아 달은 차갑고 오늘따라 술이 달다 이럼 안 되는데 널 지우려해 흔들 흔들거리는 다리와 빙글빙글 도는 내 머리가 널 널 지우는 중 울렁 울렁거리는 가슴과 쿵쿵 쿵쿵거리는 심장이 널,"92,753",2019,"Epik High, Crush",Lovedrunk (Feat. Crush),G Major,9B,90.0,4:11,42.0,70.0,73.0,49.0,53.0,0.0,10.0,13.0,-6 dB,2019
51,MINO (송민호) 아낙네,아낙네,MINO (송민호),랩/힙합,"똑똑 그대 보고 싶소 넘볼 수 없고 가질 수 없어 (So, sad) 뚝뚝 눈물 쏟아내도 그 고운 자태 한 번 비추지 않고 (너무해에) 내게만 까칠한 그녀는 유명한 화이 서울의 별 다 어딨나 Oh, in your eyes 걔와 함께면 넌 디스토피아, 내 발걸음 따라오면 유토피아  Pretty woman 워 워 귀티나네 이리 봐도 저리 봐도 이뻐 이뻐 넌  나의 아낙네 이제 알았네 아낙네 나의 파랑새 (Woo yeah)  꼭꼭 숨어라 나의 님 (나의 님) 머리카락 보일라 어딨니 (Where are you?) 못 찾겠다 꾀꼬리 (꾀꼬리) 그대 있는 곳으로 가리, 나 가리  쉿 아무 말 하지 말고 도망치자 멀리 나만 보고 이제 그만해 제비뽑기 한여름에도 걷고 싶어 너의 그 눈길 우리 둘이 야리꾸리 무리무리 Oh 그리워 너의 몸, 그리고 외로워 여기 밑 빠진 Dog 물 맥여 줘 배배 꼬아 마치 코브라 부끄러워마, Alright?  Pretty woman 워 워 귀티나네 이리 봐도 저리 봐도 이뻐 이뻐 넌  나의 아낙네 이제 알았네 아낙네 나의 파랑새 (Woo yeah)  꼭꼭 숨어라 나의 님 (나의 님) 머리카락 보일라 어딨니 (Where are you?) 못 찾겠다 꾀꼬리 (꾀꼬리) 그대 있는 곳으로 가리, 나 가리  너는 그림 속의 움츠린 떡, Woo 난 침이 꿀꺽 넌 나의 주인공, 난 너의 츄잉껌 Woo, let's boogie on & on  우린 불이 튀어, 이제 숨통이 틔어, 영원히 네게 충성 아름다운 넌 이뻐, 이뻐  랄라라라랄라 랄랄라 랄라라라랄라 랄랄라 랄라라라랄라 랄랄라라 Where ma bishes at 내 아낙네  꾀꼬리 (삐요삐요삐요) 나, 가리 (엥엥엥) 꾀꼬리 (삐요삐요삐요) 그대 있는 곳으로 가리 나가리","73,462",2019,MINO,FIANCÉ,F Major,7B,140.0,3:28,51.0,74.0,66.0,51.0,3.0,0.0,13.0,3.0,-4 dB,2019
52,임재현 조금 취했어 (Prod. 2soo),조금 취했어 (Prod. 2soo),임재현,"발라드, 인디음악",내가 망가지면 니가 나를 볼까 봐 나를 혹시나 걱정해줄까 봐 몸에 안 좋은 거 하러 왔어 시끄럽고 졸립다 그래 이제 집에 가야지 지금 뭐 해 밤에는 바람이 점점 차가운데 따뜻이 좀 입고 다녀 멋 부리지 말고 지금 이 순간 하고 싶은 말이 많은데 내가 가진 언어로 표현 못 해 알잖아 내가 좀 서툴지 술 한잔했어 너무 보고 싶어서 니가 싫어하는 담배도 피고 술도 했어 술이 깨면 내가 또 미워질까 봐 마시다 보니 조금 취했어 어디야 지금 뭐 해 빨리 와 너 올 것 같아 여기서 나 기다리는데 Xiyehn아 오늘따라 니가 보고 싶어서 그래 내가 좀 못났지 미안해 지금 뭐 해 의식은 점점 희미해가는데 니 얼굴은 더 또렷하게 생각이 나네 지금 이 순간 하고 싶은 말이 많은데 나란 놈이 그렇지 뭐 또 못해 말도 못 하는 내가 싫어 술 한잔했어 너무 보고 싶어서 니가 싫어하는 담배도 피고 술도 했어 술이 깨면 내가 또 미워질까 봐 마시다 보니 조금 취했어 어디야 지금 뭐 해 빨리 와 너 올 것 같아 여기서 나 기다리는데 Xiyehn아 오늘따라 니가 보고 싶구나 또 보고 싶어서 미안해,"15,350",2019,ZZang KARAOKE,I'm a Little Drunk (조금 취했어) (Prod. 2soo) (By Lim Jae Hyun(임재현)) (Melody Karaoke Version),F Major,7B,135.0,4:19,0.0,44.0,51.0,11.0,16.0,81.0,21.0,3.0,-10 dB,2019
53,볼빨간사춘기 워커홀릭,워커홀릭,볼빨간사춘기,"인디음악, 록/메탈",머릴 질끈 묶고 안경을 벗어던져 난 지금 화가 났음 짜증이 났음 답장을 해주고 싶다가도 쏘아대는 말투들이 전혀 사랑스럽지 않아 시원한 맥주를 한 캔 마시다 yeah 문득 스쳐 지나가는 어제의 기억 지금 생각해 보니까 내가 왜 때려치웠어야 했는데 모두 손을 들어 Beer Cheers 우 아쉽지 않은 청춘답게 Face it 웃음밖에 나오지 않는 모든 상황에 눈 떠보니 벌써 아침이 왔음 우우우우우우우우우우 우우우우우우우우우우 Everyday working 이러다가 죽겠네 But I love this right 이건 내게 맞지 바라기만 했던 Up all night 머리 아픈 일들만 가득해 난 지금 과부하가 왔음 시원한 맥주를 한 캔 마시다 yeah 문득 스쳐 지나가는 어제의 기억 지금 생각해 보니까 내가 왜 때려치웠어야 했는데 모두 손을 들어 Beer Cheers 우 아쉽지 않은 청춘답게 Face it 웃음밖에 나오지 않는 모든 상황에 눈 떠보니 벌써 아침이 왔음 지겹도록 같은 일상 속에 오늘만 살아가고 싶어져 겁먹지 마 Just face what you are doing yeah 시간이 없음 모두 소릴 질러 Feel this yeah 두렵지 않은 청춘답게 Face it 웃음조차 나오지 않는 모든 상황에 눈 떠보니 벌써 모두 손을 들어 Beer Cheers 우 아쉽지 않은 청춘답게 Face it 웃음밖에 나오지 않는 모든 상황에 눈 떠보니 벌써 아침이 왔음 우우우우우우우우우우 우우우우우우우우우우 아침이 왔음,"256,581",2019,Key,Camelot,BPM,,,Popularity,,,,,,,,,,2019
54,청하 Snapping,Snapping,청하,댄스,Don’t make me love you 하얗게 올라온 거품 왜 자꾸 나를 보며 웃는데 꿈인 걸 느끼게 아쉬운 표정이 또 왜 이렇게 맴도니 Really freaky 베베 꼬인 마음 Doesn't matter what you baby hate or love 네가 가는 길에 drop me off 가볍게 take it off 오늘 밤이 가기 전에 밀어내 Snapping snapping 애써 눈을 가리고 Snapping snapping 지친 맘을 던지고 비틀대는 몸짓으로 잠시 널 훔치더라도 Snapping snapping I’ll let you go I know I know I don't I don't care Snapping woo snapping snapping I know I know I don't I don't mind Snapping woo snapping snapping Baby I feel you 뿌옇게 번지는 퍼퓸 물 같은 나를 탁하게 해 왜 Shew go on fade a way 번지는 purple rain 또 왜 이렇게 슬프니 Really freaky 베베 꼬인 마음 Doesn't matter what you baby hate or love 네가 가는 길에 drop me off 가볍게 take it off 오늘 밤이 가기 전에 밀어내 Snapping snapping 애써 눈을 가리고 Snapping snapping 지친 맘을 던지고 비틀대는 몸짓으로 잠시 널 훔치더라도 Snapping snapping I’ll let you go I know I know I don't I don't care Snapping woo snapping snapping I know I know I don't I don't mind Snapping woo snapping snapping I feel so fine 난 자유로워 You feel so bad 나 뿐인 넌 I feel so done 이 story가 끝나 When I say Snapping snapping 애써 눈을 가리고 Snapping snapping 지친 맘을 던지고 비틀대는 몸짓으로 잠시 널 훔치더라도 Snapping snapping I’ll let you go I know I know I don't I don't care Snapping woo snapping snapping I know I know I don't I don't mind Snapping woo snapping snapping,"90,064",2019,CHUNG HA,Snapping,A♭ Minor,1A,105.0,3:33,58.0,73.0,75.0,58.0,7.0,0.0,28.0,4.0,-3 dB,2019
55,아이유 삐삐,삐삐,아이유,R&B/Soul,Hi there 인사해 호들갑 없이 시작해요 서론 없이 스킨십은 사양할게요 back off back off 이대로 좋아요 balance balance It's me 나예요 다를 거 없이 요즘엔 뭔가요 내 가십 탐색하는 불빛 scanner scanner 오늘은 몇 점인가요 jealous jealous 쟤는 대체 왜 저런 옷을 좋아한담 기분을 알 수 없는 저 표정은 뭐람 태가 달라진 건 아마 스트레스 때문인가 걱정이야 쟤도 참 Yellow C A R D 이 선 넘으면 침범이야 beep 매너는 여기까지 it's ma ma ma mine Please keep the la la la line Hello stuP I D 그 선 넘으면 정색이야 beep Stop it 거리 유지해 cause we don't know know know know Comma we don't owe owe owe owe anything I don't care 당신의 비밀이 뭔지 저마다의 사정 역시 정중히 사양할게요 not my business 이대로 좋아요 talk talkless Still me 또예요 놀랄 거 없이 I'm sure you're gonna say my gosh 바빠지는 눈빛 checki cheking 매일 틀린 그림 찾기 hash tagging 꼿꼿하게 걷다가 삐끗 넘어질라 다들 수군대는 걸 자긴 아나 몰라 요새 말이 많은 걔랑 어울린다나 문제야 쟤도 참 Yellow C A R D 이 선 넘으면 침범이야 beep 매너는 여기까지 it's ma ma ma mine Please keep the la la la line Hello stuP I D 그 선 넘으면 정색이야 beep Stop it 거리 유지해 cause we don't know know know know Comma we don't owe owe owe owe anything 편하게 하지 뭐 어 거기 너 내 말 알아 들어 어 I don't believe it 에이 아직 모를 걸 내 말 틀려 또 나만 나뻐 어 I don't believe it 깜빡이 켜 교양이 없어 너 knock knock knock Enough 더 상대 안 해 block block block block block 잘 모르겠으면 이젠 좀 외워 babe Repeat repeat 참 쉽지 right Yellow C A R D 이 선 넘으면 침범이야 beep 매너는 여기까지 it's ma ma ma mine Please keep the la la la line Hello stuP I D 그 선 넘으면 정색이야 beep Stop it 거리 유지해 cause we don't know know know know Comma we don't owe owe owe owe anything,"725,839",2019,IU,BBIBBI,G Major,9B,144.0,3:14,65.0,62.0,84.0,82.0,24.0,0.0,30.0,33.0,-5 dB,2019
56,양다일 고백,고백,양다일,발라드,미소짓던 그 표정이 시도 때도 없던 입맞춤이 주고받던 연락들이 아쉬움 가득한 헤어짐이 없어서 쌓여서 너의 모든 게 더는 남아있질 않아 어쩔 수 없는 걸 알면서도 놓을 수 없는 걸 아쉬움에 더는 너를 불러봐도 어떤 감정도 느껴지질 않아 그저 남아 있을 뿐인걸 차가워진 그 표정이 시도 때도 없는 다툼들이 주고받던 상처들이 가끔은 미안한 마음들이 긴 시간 쌓여서 너의 모든 게 더는 남아있질 않아 어쩔 수 없는 걸 알면서도 놓을 수 없는 걸 아쉬움에 더는 너를 불러봐도 어떤 감정도 느껴지질 않아 그저 남아 있을 뿐인걸 매일 그리던 네 모습도 더는 그려지지 않아 더는 널 원하지 않아 어쩔 수 없는 이 마지막도 놓을 수 없는 네 모습조차 더는 내겐 의미도 없어 미뤄왔던 일처럼 느껴져 이젠 말해야 할 것 같아,"59,241",2019,Yang Da Il,sorry,G Major,9B,73.0,3:31,36.0,45.0,52.0,28.0,63.0,0.0,10.0,3.0,-5 dB,2019
57,WINNER MILLIONS,MILLIONS,WINNER,댄스,I like you babe 어디가 그렇게 좋으냐고 묻네 Baby wait a sec 손가락 열 개를 다 접어도 이유를 다 세지 못할 만큼 Just like you babe 이걸론 부족해 말해 뭐 해 거 아가씨 넌 조물주의 마스터피스 어제 마젤란이 말하길 너 찾아다닌 거래 지구 한 바퀴 반대로 반대로 넌 내가 왜 좋아 마 뜨면 혼나 야 Milli는 뭔 Milli 넌 Billi um Trillion 말해줘 일일이 어 겉으로만 수백 가지 그 속엔 백만 가지 이유들로 네가 좋아 Baby 해가 두 번 뜰 때까지 옆에 있어 줄래 같이 다 말해주고 싶어 네가 좋은 이유 Got millions millions millions The reason I like you Oh yeah yeah yeah 네가 좋은 이유 Got millions millions millions The reason I like you Oh yeah yeah yeah yeah yeah I like you babe 어디가 그렇게 좋으냐고 묻네 Baby wait a sec 이틀을 쉬지 않고 말해도 끝없이 말할 수 있을 만큼 Just like you babe 이걸론 부족해 네가 얼마큼 좋냐고 이 세상 컬러에 숫자를 매길게 어려운 수학은 몰라도 사랑은 더하고 제곱에 Babe 코끝을 간지럽히는 봄이 찾아온 듯이 꽃 피는 내 맘에 나비가 돼 날아와 날갯짓에 난 또 설레잖아 겉으로만 수백 가지 그 속엔 백만 가지 이유들로 네가 좋아 Baby 해가 두 번 뜰 때까지 옆에 있어 줄래 같이 다 말해주고 싶어 네가 좋은 이유 Got millions millions millions The reason I like you Oh yeah yeah yeah 네가 좋은 이유 Got millions millions millions The reason I like you Oh yeah yeah yeah yeah yeah One 원해 내 마음이 너를 원해 Two 투정 부려도 예쁘네 Three 스릴러 영화는 싫은데 너와 함께면 열 번을 봐도 Ok Four For me 나를 위해주네 Five Five star S라인 몸매 Six Sixth sense 반전 매력에 음 네가 좋은 이유 Got millions millions millions The reason I like you Oh yeah yeah yeah 네가 좋은 이유 Got millions millions millions The reason I like you Oh yeah yeah yeah 네가 좋은 이유 Got millions 듣고 싶을 때 언제든지 말만 해 이 노랠 불러줄게 네가 좋은 이유 Got millions 알고 싶을 때 언제든지 말만 해 내가 다 말해줄게 네가 좋은 이유 Got millions 펼치기,"148,974",2019,WINNER,MILLIONS,A♭ Major,4B,109.0,3:30,43.0,68.0,84.0,82.0,4.0,0.0,7.0,4.0,-4 dB,2019
58,전상근 사랑이란 멜로는 없어,사랑이란 멜로는 없어,전상근,발라드,다 끝이라고 우리 다신 마주하지 말자 내게 모질게도 대했던 그대에게 처음으로 내뱉은 말 아직 사랑하는데 더는 내 곁에 없단 걸 알아 너 먼저 떠나고 혼자 남겨진 나는 오늘도 한숨만 내쉬며 걷는다 사랑이란 멜로는 없어 그렇게 사랑했던 우리가 남이 되는 게 돌아오지 않을 네 뒷모습을 보며 아직 너를 사랑한다고 말하지 못했어 사랑이란 멜로는 없어 혹시 네가 다시 돌아오면 고백할게 거짓말이라고 보고 싶었다고 우연히라도 마주치길 바래왔었다고 오늘 하루가 참 길어 우리 그렇게 헤어지던 날 애써 웃음을 지었던 내가 참 바보 같죠 그때 널 잡았었다면 지금 달라졌을까 사랑이란 멜로는 없어 그렇게 사랑했던 우리가 남이 되는 게 돌아오지 않을 네 뒷모습을 보며 아직 너를 사랑한다고 말하지 못했어 하루 종일 네 사진을 보고 있으면 다시 돌아가고 싶어 너를 품에 안고 싶어 그날 그대를 놓치지 않았다면 어땠을까 사랑이란 멜로는 없어 사랑이란 멜로는 없어 그렇게 사랑했던 우리가 남이 되는 게 돌아오지 않을 네 뒷모습을 보며 아직 너를 사랑한다고 말하지 못했어 사랑이란 멜로는 없어 혹시 네가 다시 돌아오면 고백할게 거짓말이라고 보고 싶었다고 우연히라도 마주치길 바래왔었다고,"16,151",2019,Jeon Sang Geun,사랑이란 멜로는 없어,E Major,12B,138.0,4:35,48.0,48.0,42.0,32.0,79.0,0.0,28.0,4.0,-6 dB,2019
59,닐로(Nilo) 지나오다,지나오다,닐로(Nilo),발라드,이별을 말하고 넌 괜찮은 거니 여전히 내 하루는 온통 네 생각에 뜬 눈으로 밤을 지새고 난 두려워 시간이 쌓여갈수록 내가 잊혀질까 봐 우리 시간마저 모두 무너질까 봐 나도 모르게 너무 보고 싶어서 네 집 앞을 찾아가 너도 나만큼은 아닐지라도 보고 싶었다고 말해줘 지금 나 너의 집 앞에 있어 우리의 시간을 되돌려줘 아무 일도 없던 것처럼 날 안아줘 끝이라는 게 난 너무나 두려워서 다가가지도 못하고 한참 서성이다 말도 못하고 다시 돌아가는 나 하루가 가고 또 하루가 지나도 갈수록 커져만 가 맘에 없는 거짓말이라도 날 사랑한다고 말해줘 지금 나 너의 집 앞에 있어 우리의 시간을 되돌려줘 아무 일도 없던 것처럼 날 안아줘 끝이라는 게 난 너무나 두려워서 다가가지도 못하고 한참 서성이면 우리 한 번은 단 한 번쯤은 마주치진 않을까 당장이라도 전활 걸어 네 목소리 듣고 싶은데 내가 더 싫어지게 될까 봐 작은 감정마저 그렇게 사라질까 봐 마음이란 게 말처럼 되질 않잖아 보다 조금만 널 사랑했더라면 스치는 바람처럼 스쳐 지나갈 텐데 끝이라는 게 난 너무나 두려워서 다가가지도 못하고 한참 서성이다 혹시 마주치게 된다면 나처럼 아픈 시간 속에 살았기를 오늘도 난 돌아서지만,"18,251",2019,Nilo,Pass by,G Major,9B,114.0,4:41,50.0,31.0,65.0,44.0,88.0,0.0,14.0,3.0,-7 dB,2019
60,허각 흔한 이별,흔한 이별,허각,발라드,매일 집으로 돌아가는 익숙한 골목 거리 사이 불어온 볼 스치는 차가워진 이 바람을 따라 걷다가 네 생각이 나 잘 지내니 많이 바쁘게 지냈나 봐 너 없는 하루가 왜 그리 느리게만 가는지 했던 게 어제 일만 같은데 어느새 까맣게 잊고 살았나 봐 이 계절이 널 기억하고 있나 봐 우리가 헤어진 게 이맘때였어 그때는 왜 그렇게 세상을 다 잃은 것만 같던지 지나 지나고 보니 흔한 이별인 듯 살아져 너도 나처럼 어느새 잊었을까 참 사랑했었던 애틋했던 우리 사이 이젠 남들과 같나 봐 지나보니 알 것 같아 다 내 잘못이었다는 걸 들릴 듯 말 듯하게 나 혼잣말로 미안했다며 별일은 없는지 너를 불러봐 이 계절이 널 기억하고 있나 봐 우리가 헤어진 게 이맘때였어 그때는 왜 그렇게 세상을 다 잃은 것만 같던지 지나 지나고 보니 흔한 이별인 듯 살아져 너도 나처럼 어느새 잊었을까 참 사랑했었던 애틋했던 우리 사이 이젠 남들과 같나 봐 생각보다 많이 무뎌진 것만 같아서 조심스레 괜찮다 말해 볼 스치는 바람 따라 살며시 너를 싣고서 이젠 보내줄래,"51,109",2019,Huh Gak,Empty words,E Major,12B,80.0,4:12,32.0,41.0,58.0,37.0,71.0,0.0,11.0,4.0,-6 dB,2019
61,멜로망스 인사,인사,멜로망스,"발라드, 인디음악",웃고 떠들던 날들 두 손을 잡아준 채로 너의 행복을 빌어주었던 사소한 기쁨 그게 우릴 채워줬고 설레임으로 잠들던 날들 누구나 다 할 수 있는 일이라 흔하다 생각하겠지만 When I’m thinkin’ bout you 많은 사람 중 한 사람 내게 전부가 되었단 말을 이제 알아서 When I’m thinkin’ bout you 흔하다고 생각했던 우리 모습이 너와 내 전부가 될 거야 작다고 여긴 뻔하다 얘기했었던 그 마음들이 때론 모든 걸 잊게 할 만큼 너무 큰일들이 되고 어느새 우린 전부가 되었지 누구나 다 알 수 있는 일이라 흔하다 생각했겠지만 When I’m thinkin’ bout you 많은 사람 중 한 사람 내게 전부가 되었단 말을 이제 알아서 When I’m thinkin’ bout you 흔하다고 생각했던 우리 모습이 너와 내 전부가 될 거야 When I’m thinkin’ bout you 내게 꼭 들어맞는 한 사람 그 사람이 있단 말을 알 것 같아서 When I’m thinkin’ bout you 흔하다고 생각했던 사랑 이야기가 이젠 나의 전부야 When I’m thinkin’ bout you 많은 사람 중 한 사람 내게 전부가 되었단 말을 이제 알아서 When I’m thinkin’ bout you 흔하다고 생각했던 우리 모습이 너와 내 전부가 될 거야,"88,639",2019,MeloMance,You&I,A♭ Major,4B,85.0,3:41,41.0,43.0,52.0,33.0,67.0,0.0,19.0,3.0,-6 dB,2019
62,마마무 (Mamamoo) 고고베베 (gogobebe),고고베베 (gogobebe),마마무 (Mamamoo),댄스,일루와 일루와 일루와 일루와 일루와 일루와 일루와 일루와 일루와 일루와 일루와 일루와 폰은 저리 치워 끼는 좀 더 부려 골치 아픈 건 던져 여기서 한 잔에 상처를 다 마셔 착한 척은 그만둬 붐 까까꿍 타다둥 리듬에 몸을 맡겨 뻔뻔하게 놀아 라라라 야야 하루아침에 내가 변한 건 아냐 별거 아닌 거에 의미 갖지 마 인마 어우 얘 괜한 antipathy 등 떠민 적 없지 아이고 아이고 Butterfly 그냥 잔을 부딪쳐 zzann It’ ok to not be fine 괜찮지 않아도 괜찮아 뻔뻔하게 즐겨 drop drop drop 고고베베 던져 버려 suit & tie 드레스 코든 bling bling bling 너와 나의 mix & match 빼지 말고 drunken drunken 고고베베 뻔뻔하게 놀아 미친 듯이 즐겨 필요 없어 wrong & right on & on on & on 고고베베 일루와 일루와 일루와 일루와 일루와 일루와 고고베베 일루와 일루와 일루와 일루와 일루와 일루와 고고베베 Look up the here focus focus focus 난 나의 피사체 무시해 잔소린 음소거 Click Click 삑 이렇다저렇다 가타부타 꼭 말 많은 애들이 먼저 영화에선 die해 So raise 자기애 It’ ok to not be fine 괜찮지 않아도 괜찮아 뻔뻔하게 즐겨 drop drop drop 고고베베 던져 버려 suit & tie 드레스 코든 bling bling bling 너와 나의 mix & match 빼지 말고 drunken drunken 고고베베 뻔뻔하게 놀아 미친 듯이 즐겨 필요 없어 wrong & right on & on on & on 고고베베 일루와 일루와 일루와 일루와 일루와 일루와 고고베베 일루와 일루와 일루와 일루와 일루와 일루와 고고베베 Nine Six six nineteen Nine Six gogobebe 몸 다 풀었어 미칠 준비가 됐어 이제 시작해 다들 난리가 나 나 난리가 나 고고베베 던져 버려 suit & tie 드레스 코든 bling bling bling 너와 나의 mix & match 빼지 말고 drunken drunken 고고베베 뻔뻔하게 놀아 미친 듯이 즐겨 필요 없어 wrong & right on & on on & on 고고베베 일루와 일루와 일루와 일루와 일루와 일루와 고고베베 일루와 일루와 일루와 일루와 일루와 일루와 고고베베 고고베베 고고베베,"178,266",2019,MAMAMOO,gogobebe,C Major,8B,97.0,3:16,60.0,79.0,70.0,71.0,11.0,0.0,23.0,8.0,-3 dB,2019
63,바이브 가을 타나 봐,가을 타나 봐,바이브,발라드,계절은 돌고 돌아 돌아오는데 사랑은 돌고 돌아 떠나버리고 추억을 돌고 돌아 멈춰 서있는 다시 그 계절이 왔나 봐 나 가을 타나 봐 니가 그리워진 이 밤 나 혼자 널 기다리나 봐 나 가을 타나 봐 니가 불어오는 이 밤 나 혼자서 가을 타나 봐 Baby I'm lonely lonely lonely lonely 추억은 Falling falling falling falling 아무리 멀리 멀리 떠나 보내도 돌아오는 난 가을 타나 봐 내 곁을 스쳐가는 많은 사람들 뭘 해도 채워지지 않는 시간들 아무리 잊어봐도 짙어져 가는 외로운 계절이 왔나 봐 나 가을 타나 봐 니가 그리워진 이 밤 나 혼자 널 기다리나 봐 나 가을 타나 봐 니가 불어오는 이 밤 나 혼자서 가을 타나 봐 Baby I'm lonely lonely lonely lonely 추억은 Falling falling falling falling 아무리 멀리 멀리 떠나 보내도 돌아오는 난 가을 타나 봐 You're always breathing in my mind 가슴 한구석이 시려와 Baby I'm missing you every night 니가 그리워 나 외로웠나 봐 니가 없는 이 거리에 나 혼자 널 서성이나 봐 참 보고 싶나 봐 너를 보내놓고 아직 나 혼자 널 사랑하나 봐 아직인가 봐 사랑하나 봐 니가 날 떠나가던 시린 이 계절이 돌아오면 가을 타나 봐 그리운가 봐 가을 타나 봐,"31,211",2019,VIBE,Fall in Fall,A♭ Major,4B,176.0,3:52,45.0,60.0,42.0,48.0,65.0,0.0,12.0,8.0,-5 dB,2019
64,케이시 (Kassy) 가을밤 떠난 너,가을밤 떠난 너,케이시 (Kassy),발라드,가을밤 떠난 너 그런 너를 기다리는 나 그 계절은 다시 돌아 너를 생각나게 해 사랑한다고 기다린다고 전해달라고 이런 내 맘 차가운 밤 향기에 쓸쓸해지는 이 밤 잘 지내고 있니 넌 바쁜 거 같더라 가끔 니 소식을 들어 이젠 아무렇지 않은 척 괜찮다 해도 사실 혼자 많이 울었어 음 니가 보고 싶은 밤 울컥해지는 밤 잠 못 이루는 밤 시간만 더디게 가 가을밤 떠난 너 그런 너를 기다리는 나 그 계절은 다시 돌아 너를 생각나게 해 사랑한다고 기다린다고 전해달라고 이런 내 맘 차가운 밤 향기에 쓸쓸해지는 이 밤 미안해 이 말 한마디면 충분한데 뭐가 그리 어렵던지 우리 그때 내가 얼마나 못났었는지 정말 지독하게 미웠어 음 니가 보고 싶어져 수없이 참아도 걷잡을 수 없이 부쩍 커버린 내 맘 우리가 얼마나 행복하고 좋았었는데 넌 이 모든 추억들을 지우고 살 수 있니 사랑한다고 좋아한다고 못다 한 말들이 많다고 너에게 줄 마음이 아직 남아있다고 여전히 나 기다린다고 한 번만 돌아오라고 지나간 시간 속에 아직 멈춰있다고 가을밤 떠난 너 이제 홀로 서 있네,"55,481",2019,Kassy,Story of night fall,E Minor,9A,130.0,4:14,42.0,53.0,45.0,28.0,63.0,0.0,40.0,4.0,-4 dB,2019
65,박봄 (Park Bom) 봄 (feat. 산다라박),봄 (feat. 산다라박),박봄 (Park Bom),R&B/Soul,Pull me down 끝없이 날 깊은 어둠 그 속으로 Baby Lay me down 내 떨리는 두 손을 네게 묶여버린 채로 나만 혼자인 거 같아 이대로 다 잊혀져버릴 것 같아 나 깨어있는 이 시간이 너무나도 괴로워 always Oh Oh Oh 우울할 때면 Oh Oh Oh 어느새 또 나도 모르게 너를 찾아 헤매는 내가 너무 미웠죠 Oh Oh Oh 바보처럼 또 Oh Oh Oh 울고 있으면 봄바람에 내 맘이 전해질까봐 나에게도 봄 다시 봄이 올까요 아름다운 꽃 맘에 꽃이 필까요 이 차가운 바람이 지나고 내 마음이 녹아내리면 다시 봄 내 마음에도 봄 봄 봄이 올까요 You pull me down but I'm all right You make me cry but I'm all right 너란 추억은 다시 lay me down 언제 울었냐는 듯 make me laugh 이제 곧 괜찮아질 거야 시간이 지나가면 yeah 떠나간 빈자리가 아직은 내게는 크지만 뭐 yeah 찬바람이 지나가면 내 맘에도 봄이 오겠지 뭐 Oh Oh Oh 우울할 때면 Oh Oh Oh 어느새 또 나도 모르게 너를 찾아 헤매는 내가 너무 미웠죠 Oh Oh Oh 바보처럼 또 Oh Oh Oh 울고 있으면 봄바람에 내 맘이 전해질까봐 나에게도 봄 다시 봄이 올까요 아름다운 꽃 맘에 꽃이 필까요 이 차가운 바람이 지나고 내 마음이 녹아내리면 다시 봄 내 마음에도 봄 봄 봄이 올까요 그대가 내게 준 이 아픔이 지나가고 내 두 볼에 흐르는 이 눈물이 마르면 나에게도 봄 아름다운 꽃 이 차가운 바람이 지나고 내 마음이 녹아내리면 다시 봄 내 마음에도 봄 봄 봄이 올까요,"16,494",2019,"Park Bom, Sandara Park",봄,G Minor,6A,150.0,4:05,40.0,80.0,55.0,51.0,19.0,0.0,22.0,6.0,-4 dB,2019
66,벤 열애중,열애중,벤,발라드,아직 이별 중인 나에겐 끝이 아닌 것만 같아서 다른 사랑 중인 너지만 나는 아직 너와 열애 중 나도 너만큼만 헤어지고 싶어 아니 너보다 더 행복하고 싶어 너는 어떻게 날 잊었는지 가르쳐줘 아직 이별 중인 나에게 난 아직 열애 중 누구보다 뜨겁게 사랑해 열애 중 헤어져도 헤어진 적 없어 언젠가 내가 너와 이별할 수 있을까 너만 모르게 나는 아직 너와 열애 중 매일 이별하고 있지만 아직 너를 기다리는 중 나도 너만큼만 못돼지고 싶어 아니 너보다 더 나빠지고 싶어 너는 어떻게 날 잊었는지 가르쳐줘 아직 이별 중인 나에게 난 아직 열애 중 누구보다 뜨겁게 사랑해 열애 중 헤어져도 헤어진 적 없어 언젠가 내가 너와 이별할 수 있을까 아무도 모르게 여기서 널 멈추면 정말 이별이 될까 봐 그게 마지막이 될까 봐 널 후회하는 중 누구보다 너를 많이 원망하는 중 미워해도 미워한 적 없어 언젠가 내가 너를 잊고 살 수 있을까 너만 모르게 나는 아직 너와 열애 중,"74,548",2019,BEN,"Love, ing",B♭ Minor,3A,134.0,4:31,36.0,41.0,42.0,23.0,68.0,0.0,10.0,4.0,-5 dB,2019
67,아이유 밤편지,밤편지,아이유,발라드,이 밤 그날의 반딧불을 당신의 창 가까이 보낼게요 음 사랑한다는 말이에요 나 우리의 첫 입맞춤을 떠올려 그럼 언제든 눈을 감고 음 가장 먼 곳으로 가요 난 파도가 머물던 모래 위에 적힌 글씨처럼 그대가 멀리 사라져 버릴 것 같아 늘 그리워 그리워 여기 내 마음속에 모든 말을 다 꺼내어 줄 순 없지만 사랑한다는 말이에요 어떻게 나에게 그대란 행운이 온 걸까 지금 우리 함께 있다면 아 얼마나 좋을까요 난 파도가 머물던 모래 위에 적힌 글씨처럼 그대가 멀리 사라져 버릴 것 같아 또 그리워 더 그리워 나의 일기장 안에 모든 말을 다 꺼내어 줄 순 없지만 사랑한다는 말 이 밤 그날의 반딧불을 당신의 창 가까이 띄울게요 음 좋은 꿈 이길 바라요,"725,839",2019,IU,Through the Night,A♭ Major,4B,79.0,4:13,63.0,31.0,43.0,28.0,76.0,0.0,31.0,4.0,-7 dB,2019
68,케이시 (Kassy) 진심이 담긴 노래 (True Song),진심이 담긴 노래 (True Song),케이시 (Kassy),발라드,어떻게 전할까 널 향한 내 진심 말로는 부족해 나 이렇게 노래해 겁이 많고 불안한 내가 너를 만나서 행복을 알게 됐어 기억나 우리 둘 처음 만난 그 날 많이 어색하고 낯설기만 했던 날 그러다 우연이 계속되고 그렇게 사랑하게 되고 그래서 행복하고 하루의 시작은 너와 눈을 마주보며 미소 짓는 일 어느새 닮아 있는 너와 나 괜스레 눈물이 나 너라는 사람이 내게 선물해준 모든 순간순간이 벅차도록 너무 소중해서 사랑을 알게 해줘서 정말 고마워 나를 웃게 하고 울리기도 하고 표현이 서툴던 내가 많이 변했어 누군가를 기다리는 일이 이렇게 설레는 일인지 이조차도 행복해 하루의 시작은 너와 눈을 마주 보며 미소 짓는 일 어느새 닮아 있는 너와 나 괜스레 눈물이 나 너라는 사람이 내게 선물해준 모든 순간순간이 벅차도록 너무 소중해서 사랑을 알게 해줘서 정말 고마워 밤에 울다 잠이 깼을 때 말없이 기대고 싶을 때 문득 보고 플 때 그냥 꼭 안아줘 널 향한 내 고백 이게 내 진심이야 내 모든 맘을 다 바쳐 노래해 내가 할 수 있는 모든 걸 담아 널 위해 부르는 거야 나의 전부를 진심이 담긴 노래,"55,481",2019,Kassy,True Song,C Minor,5A,140.0,4:31,31.0,42.0,40.0,36.0,79.0,0.0,13.0,4.0,-7 dB,2019
69,노을 너는 어땠을까,너는 어땠을까,노을,발라드,언제부터인지 습관처럼 연락하고 마주한 시간이 더는 설레질 않아 하루 종일 반복되는 다툼까지도 사소하게 쌓인 오해마저 어떤 말로 풀어야 하는지 익숙한 탓인지 조금은 지겹기도 해 혼자인 시간이 가끔은 그립기도 해 하루 종일 궁금하던 너의 안부도 더는 쉽게 물어볼 수 없는 그런 감정에 하루를 살아 넌 어떻게 지내는 건지 혹시 나와 같은 지 바쁜 일상 속에 내 생각 같은 건 하지 않는지 날 만나 사랑했던 걸 후회하진 않는지 끝이라는 게 생각보다 쉬운 일인 건 아닌지 쉬울 줄 알았어 널 마주하기 전에는 마음과는 달랐어 왜 이렇게 아픈 건지 생각보다 너무 쉽게 잊혀질 걸 알면서 왜 함께한 날들이 떠오르는지 넌 어떻게 지내는 건지 혹시 나와 같은 지 바쁜 일상 속에 내 생각 같은 건 하지 않는지 날 만나 사랑했던 걸 후회하진 않는지 끝이라는 게 생각보다 쉬운 일인 건 아닌지 사실 잠시뿐인 걸 알고는 있지만 어떤 말로 우리를 끝내 보내야 하는지 널 다시 만날 수 있을까 함께 나눈 그 많은 말들과 온기가 거짓말처럼 지워질까 어떤 말도 할 수 없는 마지막을 건네는 너의 표정이 돌아선 지금도 지워지지를 않아 그때의 너는 어떤 마음이었을까,"38,158",2019,Noel,How about you,A Major,11B,130.0,4:22,36.0,41.0,55.0,33.0,57.0,0.0,11.0,3.0,-6 dB,2019
70,10CM 나의 어깨에 기대어요,나의 어깨에 기대어요,10CM,"발라드, 국내드라마",나의 두 눈에 보여지는 그 뒷모습이 서글퍼지는 마음이라 눈물이 글썽여 하루 또 하루 지나가면 더 멀어질까 봐 이렇게 또 불안한 마음만 날 떠나가지 말아요 가슴속으로 그댈 향해 외치는 말 돌아가지는 말아요 그대 있는 곳 다시 사라지지 말아요 외로운 맘에 서러워도 울지 말아요 나의 어깨에 기대어요 그대 괜찮다면 어떤 날에는 더 아프고 또 슬프겠지만 내가 그대 곁에 있을게요 날 떠나가지 말아요 가슴속으로 그댈 향해 외치는 말 돌아가지는 말아요 그대 있는 곳 다시 사라지지 말아요 지금은 아닐거예요 우리 헤어지는 건 내게서 멀어지지 말아요 내 곁에 있어줘 나의 품에 안겨줘요 슬픈 날들이 지나가면 그때라면 온 세상을 다 줄게요 나 그대에게 지금 내 말 듣고 있나요 나를 떠나가지 말아요,"184,562",2019,Key,Camelot,BPM,,,Popularity,,,,,,,,,,2019
71,헤이즈 (Heize) 내 맘을 볼 수 있나요,내 맘을 볼 수 있나요,헤이즈 (Heize),"발라드, 국내드라마",내 맘을 볼 수 있나요 난 그대뿐이에요 그대 뒤에 나 있을게요 한걸음 뒤에서요 그댄 내 마음 모르죠 눈물이 글썽여요 그댈 보면 마음이 아프네요 혼자 하는 사랑은 언젠가 다시 돌아가야 할 그곳을 홀로 걸어가겠죠 그런 내가 슬퍼요 모른척 하는 건가요 그대 곁에 있는 날 힘껏 소리쳐 불러봐도 마음의 소리니까 언젠가 다시 돌아가야 할 그곳을 홀로 걸어가겠죠 그런 내가 슬퍼요 언젠가 다시 돌아가야 할 그곳을 홀로 걸어 돌아가겠죠 이런 내가 아파요 우우우우우 슬픈 마음이 들어요 나는 왜 안되는지 사랑이란 가깝고도 머네요 그대의 마음이란,"164,338",2019,Heize,내 맘을 볼 수 있나요,A Major,11B,135.0,3:46,55.0,17.0,40.0,13.0,88.0,0.0,10.0,3.0,-11 dB,2019
72,아이유 Love poem,Love poem,아이유,록/메탈,"누구를 위해 누군가 기도하고 있나 봐  숨죽여 쓴 사랑시가 낮게 들리는 듯해  너에게로 선명히 날아가 늦지 않게 자리에 닿기를  I’ll be there 홀로 걷는 너의 뒤에 Singing till the end 그치지 않을 이 노래 아주 잠시만 귀 기울여 봐 유난히 긴 밤을 걷는 널 위해 부를게  또 한 번 너의 세상에 별이 지고 있나 봐  숨죽여 삼킨 눈물이 여기 흐르는 듯해  할 말을 잃어 고요한 마음에 기억처럼 들려오는 목소리  I’ll be there 홀로 걷는 너의 뒤에 Singing till the end 그치지 않을 이 노래 아주 커다란 숨을 쉬어 봐 소리 내 우는 법을 잊은 널 위해 부를게  (다시 걸어갈 수 있도록) 부를게 (다시 사랑할 수 있도록)  Here i am 지켜봐 나를, 난 절대 Singing till the end 멈추지 않아 이 노래 너의 긴 밤이 끝나는 그날 고개를 들어 바라본 그곳에 있을게","725,839",2019,IU,Love poem,B Major,1B,120.0,4:18,55.0,47.0,40.0,27.0,74.0,0.0,11.0,4.0,-5 dB,2019
73,EXO Tempo,Tempo,EXO,댄스,I can’t believe 기다렸던 이런 느낌 나만 듣고 싶은 그녀는 나의 멜로디 하루 종일 go on and on and oh 떠나지 않게 그녈 내 곁에 Don’t mess up my tempo 들어봐 이건 충분히 I said don’t mess up my tempo 그녀의 맘을 훔칠 beat 어디에도 없을 리듬에 맞춰 1 2 3 Don’t mess up my tempo 멈출 수 없는 이끌림 매혹적인 넌 lovely 틈 없이 좁혀진 거리 불규칙해지는 heartbeat 잠시 눈을 감아 trust me 밖으로 나갈 채비 미리 해둬 Are you ready 오늘은 내가 캐리 도시 나 사이의 케미 이미 나와 놓곤 뭐가 창피해 ma boo 어정쩡 어버버 할 필요 없다고 챙길 건 없으니 손잡아 my lady 가는 길마다 레드 카펫 또 런웨이인걸 발걸음이 남달라 지금 이 속도 맞춰보자 tempo Baby girl 아침을 설레게 하는 모닝콜 매일 봐도 보고 싶은 맘인걸 지금부터 나와 Let’s get down 모든 것이 완벽하게 좋아 So don’t slow it up for me Don’t mess up my tempo 들어봐 이건 충분히 I said don’t mess up my tempo 그녀의 맘을 훔칠 beat 어디에도 없을 리듬에 맞춰 1 2 3 Don’t mess up my tempo 멈출 수 없는 이끌림 주윌 둘러봐 lovely 틈 없이 좁혀진 거리 너에게 맞춰진 heartbeat 하고 싶은 대로 teach me 여긴 내 구역 Don't test me 혼자 있기 어색하다면 보내줘 message Now you got me flexin’ 주윌 둘러봐 널 보는 들러리들 속 위대한 개츠비 Hold on wow I’m doing alright baby girl you don't know 치워 네 머리 위에 물음표 내 사전에 없는 LIE 너는 이미 자연스럽게 맞추고 있어 내 tempo Baby girl 내 어깨에 살짝 기댄 그대의 아련한 향기가 다시 내 맘에 소용돌이치며 몰아친다 이대로 난 영원하고 싶다 So don’t mess up my tempo baby Don’t slow it up for me Don’t mess up my tempo Don’t mess up my tempo Don’t mess up my tempo Don’t mess up my tempo Don’t mess up my tempo Don’t mess up my tempo Don’t mess up my tempo 내 눈을 바라보고 말해 나의 귓가에만 닿게 나만 사랑한다 말해 나밖에 없다고 말해 더 이상 흔들리지 않게 절대 널 뺏기지 않게 누구도 건들 수 없게 내 곁에 너를 지킬게 내 마음이 느껴지니 나를 감싸 안은 유일한 나만의 savior 모두 그런 널 바라보게 돼 I can’t believe 기다렸던 이런 느낌 나만 듣고 싶은 그녀는 나의 멜로디 하루 종일 go on and on and oh 떠나지 않게 그녈 내 곁에 Don’t mess up my tempo 따라와 이건 충분히 I said don’t mess up my tempo 완전히 다른 색의 beat 어디에도 없을 이런 완벽한 1 2 3 Don’t mess up my tempo 멈출 수 없는 이끌림,"296,483",2019,EXO,Tempo,C Major,8B,116.0,3:44,65.0,84.0,69.0,52.0,24.0,0.0,7.0,10.0,-4 dB,2019
74,휘인 (Whee In) 헤어지자 (Prod. 정키),헤어지자 (Prod. 정키),휘인 (Whee In),발라드,그럴 수도 있지 생각했어 잊어 보려 했어 지난 날의 모든 걸 노력했어 다시 시작해 보려고 했어 내겐 너 아니면 안 되는 걸 아니까 정말 그랬어 쉽게 잊혀지진 않았어 누구도 그랬을 거야 아무렇지 않진 않아도 이렇게까지 힘이 드는 건 널 처음 만나 설레었던 기억들이 꼭 어제처럼 선명해서 지워지질 않아 내가 알던 네 모습도 이젠 거짓말 같아서 믿을 수 없는 걸 헤어지자 어떻게 네가 그럴 수 있어 마치 내게 했던 말이 무색해지게 다 끝인 거야 쉽게 꺼낸 말은 아니야 누구도 그랬을 거야 아무렇지 않진 않아도 이렇게까지 힘이 드는 건 널 처음 만나 설레었던 기억들이 꼭 어제처럼 선명해서 지워지질 않아 내가 알던 네 모습도 이젠 거짓말 같아서 믿을 수 없는 걸 다 없었던 기억처럼 널 지울 수 있게 아무 말도 하지 말아 줘 왜 바보처럼 네가 했던 그 모든 말들을 난 믿었는데 어떻게 다 잊으라는 건지 내가 알던 네 모습도 이젠 거짓말 같아서 처음 만나 함께한 모든 게 헤어지자 이제 우리,"40,867",2019,Whee In,"Wheee (Prod. Young K, Sanghyun Nah)",A Major,11B,170.0,2:59,33.0,94.0,42.0,59.0,1.0,0.0,14.0,11.0,-2 dB,2019
75,노을 늦은 밤 너의 집 앞 골목길에서,늦은 밤 너의 집 앞 골목길에서,노을,발라드,오래되었어 그때 너의 웃음 너의 목소리 잊혀진거 같아 시간의 위로 그 말의 의미를 이젠 알아 아픈 니 얘기도 적당히 할 수 있어 그런데 이게 뭐랄까 난 난 술 한잔하면서 괜찮은 듯 얘기하며 널 털어냈는데 집으로 돌아오면서 한 번 더 떠오른 기억에 걸음을 멈춰 서서 이렇게 울고 있어 자연스럽게 발걸음을 돌려 나 바래다주던 익숙한 길을 가 밤이 깊어져서 아무것도 보이지 않아도 손을 흔들면서 인사하던 널 봤어 그런데 이게 뭐랄까 난 난 술 한잔하면서 괜찮은 듯 얘기하며 널 털어냈는데 집으로 돌아오면서 한 번 더 떠오른 기억에 걸음을 멈춰 서서 이렇게 울고 있어 아무도 없어서 참 다행이야 나 이렇게 편안히 너를 부를 수 있는 걸 외로운 위로겠지만 그래서 이젠 뭘 할까 난 난 널 생각했어도 괜찮은 듯 얘기하며 다 지워냈는데 집으로 돌아오면서 한 번 더 떠오른 추억에 걸음을 멈춰 서서 또다시 울고 있어,"38,158",2019,Noel,Late Night,F# Major,2B,67.0,3:36,44.0,46.0,48.0,34.0,67.0,0.0,8.0,4.0,-6 dB,2019
76,TWICE (트와이스) Dance The Night Away,Dance The Night Away,TWICE (트와이스),댄스,라라라라라라라 라라라라라라라 You and me in the moonlight 별 꽃 축제 열린 밤 파도 소리를 틀고 춤을 추는 이 순간 이 느낌 정말 딱야 바다야 우리와 같이 놀아 바람아 너도 이쪽으로 와 달빛 조명 아래서 너와 나와 세상과 다 같이 Party all night long yeah it’s good If you wanna have some fun 짭짤한 공기처럼 이 순간의 특별한 행복을 놓치지마 One two three let’s go 저 우주 위로 날아갈 듯 춤추러 가 Hey Let’s dance the night away Let’s dance the night away One two three let’s go 저 바다 건너 들릴 듯 소리 질러 let’s dance the night away Dance the night away Let’s dance the night away Dance the night away Let’s dance the night away You and me in this cool night 미소 짓는 반쪽 달 그 언젠가 너와 나 저 달 뒷면으로 가 파티를 열기로 약속 yeah it’s good If you wanna have some fun 은빛 모래알처럼 이 순간의 특별한 행복을 놓치지 마 One two three let’s go 저 우주 위로 날아갈 듯 춤추러 가 Hey Let’s dance the night away Let’s dance the night away One two three let’s go 저 바다 건너 들릴 듯 소리 질러 let’s dance the night away 오늘이 마지막인 듯 소리 질러 저 멀리 끝없이 날아오를 듯 힘껏 뛰어 더 높이 오늘이 마지막인 듯 소리 질러 저 멀리 쏟아지는 별빛과 Let’s dance the night away Let’s dance the night away One two three let’s go 저 바다 건너 들릴 듯 소리 질러 let’s dance the night away Let’s dance the night away Dance the night away Dance the night away Dance the night away Let’s dance the night away,"172,687",2019,TWICE,Dance The Night Away,C Major,8B,118.0,3:01,68.0,86.0,71.0,78.0,11.0,0.0,11.0,9.0,-3 dB,2019
77,임창정 하루도 그대를 사랑하지 않은 적이 없었다,하루도 그대를 사랑하지 않은 적이 없었다,임창정,발라드,맞이하고 보내준 수 많은 일 년 중 그대 내게 떠났던 그 해가 있었죠 어디에 있을까 잘 지내 지나요 아팠던 건 잘 보내 줬나요 날 떠나겠다는 말 참 힘들었어요 사랑한단 말도 그대가 했기에 거기서 떠나요 나도 잘 떠났으니 이제야 그댈 이해하네요 사랑 누구나 하는 흔하디 흔한 이야기 시작의 이유도 헤어짐의 이유도 그땐 모르기에 그저 치열한 날들 우린 어떤 사랑을 했었나요 그 가슴에 가지 말라는 말 왜 안 했겠어요 혹시 싫어할까 가슴에 남긴 말 그대는 그 날로 나를 지워갔겠죠 이제야 그댈 보고 싶은데 사랑 누구나 하는 흔하디 흔한 이야기 숨마저 못 쉬던 걸을 수조차 없던 이별이 기다려 모두 가져간 날들 우린 어떤 이유가 있었나요 떠나던 날 익숙함을 핑계 삼아야 했던 그날이 이제는 그리워질 텐데 말을 못해서 표현 못해서 그댈 단 하루라도 사랑하지 않은 적이 없단 걸 사랑 누구나 하는 흔하디 흔한 이야기 시작의 이유도 헤어짐의 이유도 그땐 모르기에 그저 치열한 날들 우린 어떤 사랑을 했었나요 그 가슴에 사랑 누구나 하는 흔하디 흔한 이야기 숨마저 못 쉬던 걸을 수 조차 없던 이별이 기다려 모두 가져간 날들 우린 어떤 이유가 있었나요 떠나던 날,"80,338",2019,Lim Changjung,There has never been a day I haven't loved you,F Major,7B,144.0,4:03,40.0,68.0,55.0,29.0,48.0,0.0,37.0,5.0,-3 dB,2019
78,송하예 새 사랑,새 사랑,송하예,발라드,한참을 내 옆에서 지켜주던 무던한 사람 가끔 네 욕을 해도 내 편이 돼주는 착한 사람 새 사랑을 시작하는 게 아직 겁나는데 이런 나라도 좋대 오늘 고백하는 그 남잘 보고 난 니가 생각나서 눈물을 참다가 내 답을 기다리는 그 눈에 괜히 죄를 짓는 것 같아서 아무 말도 못했어 이젠 나도 행복해도 돼 듣지 못할 답을 왜 너에게 묻는건지 오늘 고백하는 그 남잘 보고 난 니가 생각나서 눈물을 참다가 내 답을 기다리는 그 눈에 괜히 죄를 짓는 것 같아서 고개만 끄덕였어 나 괜찮은거지 사랑해도 되지 니가 못해준 그때보다 더 예쁜사랑 전부 해 줄 사람을 만났어 오늘같이 기뻐해야 하는날 왜 혼자 미안하고 눈물이 나야해 말 없이 나를 안아주는 그품에 이제 너를 보내야 할까봐 미안해 이제 안녕 미안해 정말 안녕,"17,228",2019,Key,Camelot,BPM,,,Popularity,,,,,,,,,,2019
79,벤 내 목소리 들리니,내 목소리 들리니,벤,"발라드, 국내드라마",오랫동안 나는 울고 있어요 그대 마음이 보이지 않아서 그대 앞에 내가 여기 서있는데 왜 그대는 날 보지 않나요 내 목소리 들리니 이토록 절실한 내 마음 모르니 늘 가슴 아파 매일 이렇게 내 맘에 담아 두고 이렇게 살고 있어 끝내 난 아무 말도 못하고 살아 미친 듯 불러도 대답이 없는 너 이렇게 멀리서 지금도 여기서 살아 난 아직도 그댈 향해 있어요 나의 그리움 멈추지 않아서 언젠가는 날 돌아봐주겠지만 이렇게 난 전하고 싶은 말 내 목소리 들리니 이토록 절실한 내 마음 모르니 늘 가슴 아파 매일 이렇게 내 맘에 담아 두고 이렇게 살고 있어 끝내 난 아무 말도 못하고 살아 미친 듯 불러도 대답이 없는 너 이렇게 멀리서 지금도 여기서 살아 늘 가슴 아파 눈물 흘린대도 내 마음 너의 자리로 사랑한다 말하고 뒤돌아서는 내 마음을 모르고 내 가슴속에 이렇게 살아 나 사는 동안 네가 아프게 할걸 알아 사랑해 눈물로 내가 또 고백하는 말 나 여기 있을게 나는 또 여기서 늘 항상 여기서 살아,"74,548",2019,BEN,내 목소리 들리니,C Major,8B,138.0,4:32,48.0,59.0,51.0,16.0,82.0,0.0,35.0,3.0,-5 dB,2019
80,pH-1 Good Day (Feat. 팔로알토) (Prod. 코드 쿤스트),Good Day (Feat. 팔로알토) (Prod. 코드 쿤스트),pH-1,랩/힙합,낮엔 파란 하늘 별이 보이는 밤 기분 좋은 날 오랜만에 모일까 내가 살아가는 삶을 정말 사랑하지 나는 기분 좋은 날 오랜만에 모일까 Ooh ya ya ya ya yah Ooh ya ya ya ya yah Ooh ya ya ya ya yah 기분 좋은 날씨야 오랜만에 모일까 I just wanna chill with my homies 하얀색의 모래 또 파란색의 물 위엔 파도들이 쭉 밀려오지 전화해서 잡아둬 펜션 이미 올라온 텐션 yea I don't care 모아둔 돈을 깨 Lotta cash 얼마든 I'm okay yea 비싼 옷 빼 입어 cuz It's a good day 많고 또 많은 스트레스는 어려워 때로는 정답을 몰라 Sometimes I feel like I'm at war Oh no but I know it's gon be alright yea 바다로 올라 태워 가자 boat ride 친구들 불러 몽땅 바람 부는 소리 들뜬 맘에 잠을 못자 yea 비싼 옷 빼 입어 cuz It's a good day Seoul city 서있어 난 빌딩 옥상에서 봐 어딘가에 가는 사람들 그 사이에 사이에 나 줄처럼 얽힌 우리 삶 거기서 도망쳐 나왔어 기분은 high with 코쿤 또 팔로 Hola pullup hola 우야 기분 좋은 날씨야 다 모일까 Indigo cozyboys 우주로 비행 indigo cozyboys 우주로 비행 인생은 trip but 안해 trip love 난 필요해 들어 내 1집 인생은 trip 인생은 여행 눈치 왜봐 걔네말 뻔해 인생은 trip 인생은 여행 어디든지 가자 ok 내위 높지 햇빛 날씬 좋게 Seoul city 먼진 걷게해 Seoul city rollin Seoul city finesse Building 세우지 내 chain bling cling so 여전히 간지부리지 바람에 내 금 스치지 Geekin geekin will.i.am 가득 딴 커피 I'm drippin 여전히 간지불리지 바람이 체인 스치지 Geekin geekin will.i.am 언제까지 Till 평생 낮엔 파란 하늘 별이 보이는 밤 기분 좋은 날 오랜만에 모일까 내가 살아가는 삶을 정말 사랑하지 나는 기분 좋은 날 오랜만에 모일까 Ooh ya ya ya ya yah Ooh ya ya ya ya yah Ooh ya ya ya ya yah 기분 좋은 날씨야 오랜만에 모일까 Just another good day 가지 않아 우울의 늪엔 You see me now I'm beamin like Lupe 대축제 세련된 감각에 플러스해 지혜로움과 사랑을 덧셈 Yeah I'm a sucker for love 그런데 conscious해 동시에 번 돈을 멋지게 쓰지 그동안 난 수고했으니 머리부터 발끝 치장하고 냠냠 배를 채우지 친구들도 바쁘게 살아 많이 벌어서 다음번에 쏴라 오기 힘들면 가면 되잖아 화창한 이 날 화는 내지 마 좋은 기분을 나누고파 사랑하는 사람들과 이런저런 수다 떨면서 ping and pong 주고받는 농담 Just another good day 가지 않아 우울의 늪엔 You see me now I'm beamin like Lupe 대축제 난 원해 더 많은 거 시간을 담았지 Call ma bro 가지러 가야 돼 손이 난 커 절대로 아냐 그냥 주는 건 여러번 넘어져 But I won't 필요해 지금 난 너 아님 너 걱정마 여기는 Nobody knows 나를 잘 알어 넌 Nobody knows No doubt 이쁜 옷을 골라 I 'll be at the studio I work now 기분좋은 매일이지 Baby with a 검은 머리 나는 느껴 모두를 You can't talk now 난 기분이 좋아 좋은것만 골랐지 챙겨가 나의 기준은 높아 저멀리 기분따라 생각나서 전화를 걸었지 기분따라 생각나서 전화를 ring ring 나는 싫지 않아 이 도시의 빛 밤은 길지 않아 gotta go to deep Gotta go to sleep Baby don't you leave me 날아가자 날개 달아 윙윙 날아가자 날개 달아 with me Just another good day ya ya Just another good day ya ya Just another good day ya ya Just another good day ya ya,"71,645",2019,P1Harmony,Work,C# Major,3B,127.0,3:33,63.0,93.0,90.0,36.0,0.0,0.0,16.0,9.0,-3 dB,2019
81,펀치 (Punch) Done For Me,Done For Me,펀치 (Punch),"발라드, 국내드라마",지울게 너에게 남겨줬던 추억까지도 바랄게 너와의 기억도 남지 못하게 더는 다가갈 수 없어 네게 이런 마음이 너무 두려워 너의 기억 모두 가져가 줘 다 지워줘 done for me 깨끗이 지워질 수 있을까 널 벗어날 수 있을까 사랑했던 기억도 다 비워낼 수 있을까 더 이뤄질 수는 없어 난 다가갈 수 없어 미친 듯이 뛰어가 너 없는 곳에 가 사랑은 갔고 남겨진 추억들은 아팠고 네가 내게 남겨줬던 기억은 가시가 됐고 다 사라졌으면 해 모두 지워졌으면 해 나 쉴 수 있게 널 떠날게 가질 수 없는 너란 걸 알고 있어 보낼게 너와의 기억 모두 다 버릴게 더는 다가갈 수 없어 네게 이런 마음이 너무 두려워 너의 기억 모두 가져가 줘 다 지워줘 done for me 나의 기억에서 떠나가줘 너의 추억들도 가져가 줘 지워줘 너의 그리움까지도 그리워도 그립지는 않게 모든 순간들을 잊어볼게 다 잊을게 너의 작은 흔적까지도 지울게 너에게 남겨줬던 추억까지도 바랄게 너와의 기억도 남지 못하게 더는 다가갈 수 없어 네게 이런 마음이 너무 두려워 너의 기억 모두 가져가 줘 다 지워줘 done for me 너를 떠날 수밖에 멀어질 수밖에 없으니까 이런 나를 제발 용서해줘 언젠가는 우리 다시 만날 수 있기를 done for me done for me,"54,492",2019,Punch,Done For Me,A♭ Minor,1A,135.0,3:52,54.0,45.0,47.0,24.0,69.0,0.0,11.0,4.0,-8 dB,2019
82,이하이 누구 없소 (NO ONE) (Feat. B.I of iKON),누구 없소 (NO ONE) (Feat. B.I of iKON),이하이,댄스,누구 없소 나를 붙잡아줄 님은 없소 눈을 씻고 찾아봐도 보이지가 않는데 어디 있소 나를 데려가 줄 님은 없소 난 더 이상 못 참겠소 내게 다가와 주오 똑같은 거리 같은 달빛 속에서 똑같은 자리 같은 잠에 들겠지 이제는 누군갈 더하고 싶어 짙은 외로움 거두고 싶어 I don't wanna be alone anymore 똑똑 누구 없소 똑똑 난 여기 있소 똑똑 거기 누구 없소 똑똑 넌 어디 있소 대답해주오 누구 없소 I don't know I don't know I don't know 대체 님은 어디에 I don't know I don't know I don't know I don't care about shit 거기 누구 없소 이 주인 없는 그리움을 어쩌냐는 말이오 혼자인 밤은 여전히 잠들기가 아쉬워 머문 적도 없는 나의 님은 대체 어딜 그리도 급하게 가시오 누구 없소 대단히 별 볼 일 없는 나의 하루하루에는 필요해 별일 어지러운 도시와 외로운 이 현실 속에서 나를 데리고 도망가 주오 멀리 누구 없소 똑같은 거리 같은 달빛 속에서 똑같은 자리 같은 잠에 들겠지 이제는 누군갈 더하고 싶어 짙은 외로움 거두고 싶어 I don't wanna be alone anymore 똑똑 누구 없소 똑똑 난 여기 있소 똑똑 거기 누구 없소 똑똑 넌 어디 있소 대답해주오 누구 없소 I don't know I don't know I don't know 대체 님은 어디에 I don't know I don't know I don't know I don't care about shit 유난히 긴 밤의 허릴 베어내고 또 이불 아래 고이 모셔놓으리 기다리고 기다리던 그대가 오신 날 밤에 꺼내 드리오리다 똑똑 누구 없소 I don't know I don't know I don't know 대체 님은 어디에 똑똑 여봐라 I don't know I don't know I don't know I don't care about shit 똑똑 여봐라 누구 없소 여보세요 거기 누구 여보세요 거기 누구 I don't know I don't know I don't know 누구 없소 여보세요 거기 누구 똑똑 누구 여보세요 거기 누구 똑똑 누구 없소 날 미치게 할 숨 쉬게 할 들뜨게 할 똑똑 누구 없소,"74,515",2019,"Kia Shine, Wifey",She Serious,A♭ Major,4B,78.0,4:47,4.0,73.0,67.0,64.0,4.0,0.0,12.0,9.0,-7 dB,2019
83,비투비 아름답고도 아프구나,아름답고도 아프구나,비투비,발라드,사랑을 만나 이별을 하고 수없이 많은 날을 울고 웃었다 시간이란 건 순간이란 게 아름답고도 아프구나 낭만 잃은 시인 거의 시체 같아 바라고 있어 막연한 보답 아픔을 피해 또 다른 아픔을 만나 옆에 있던 행복을 못 찾았을까 너를 보내고 얼마나 나 많이 후회했는지 몰라 지금 이 순간에도 많은 걸 놓치고 있는데 말이야 시간은 또 흘러 여기까지 왔네요 지금도 결국 추억으로 남겠죠 다시 시작하는 게 이젠 두려운걸요 이별을 만나 아플까 봐 사랑을 만나 이별을 하고 수없이 많은 날을 울고 웃었다 시간이란 건 순간이란 게 아름답고도 아프구나 Yeah love then pain love then pain Yeah let's learn from our mistakes 우린 실패로부터 성장해 성장해 사랑은 하고 싶지만 Nobody wants to deal with the pain that follows no I understand them though Yeah 이해돼 이해돼 사랑이라는 게 매일 웃게 하던 게 이제는 매일 괴롭게 해 괴로워 아픈 건 없어지겠지만 상처들은 영원해 But that's why it's called beautiful pain 시간은 슬프게 기다리질 않네요 오늘도 결국 어제가 되겠죠 다시 시작하는 게 너무나 힘든걸요 어김없이 끝이 날까 봐 사랑을 만나 이별을 하고 수없이 많은 날을 울고 웃었다 시간이란 건 순간이란 게 아름답고도 아프구나 사랑이란 건 멈출 수 없다 아픔은 반복돼 이렇게도 아픈데 또 찾아와 사랑은 남몰래 우린 누구나가 바보가 돼 무기력하게도 한순간에 오래도록 기다렸다는 듯 아픈 사랑 앞에 물들어가 그대를 만나 사랑을 하고 그 어떤 순간보다 행복했었다 그대는 부디 아프지 말고 아름다웠길 바란다 사랑을 만나 이별을 하고 수없이 많은 날을 울고 웃었다 시간이란 건 순간이란 게 아름답고도 아프구나,"167,755",2019,BTOB,Beautiful Pain,C# Major,3B,168.0,3:60,52.0,74.0,41.0,44.0,23.0,0.0,28.0,5.0,-5 dB,2019
84,"기리보이 아퍼 (Feat. Kid Milli, Lil tachi, 김승민, NO:EL, C JAMM)","아퍼 (Feat. Kid Milli, Lil tachi, 김승민, NO:EL, C JAMM)",기리보이,랩/힙합,Drip too hard 내 친구들 봐 내 친구들이야 인물 좀 봐 인사 오지게 박아 빡치기 전에 숨어 있다가 나와 한 번에 우리가 나오면 이슈가 붙어서 전부 다 비행기 태우지 burn it woo JM Indigo We the We the Plug 우주비행 party 느껴 위기 의식 안 해 이미지 관리 이미지 부숴 버려 무댈 이건 완전 BET 그냥 해 just do it 내 친구들 불러 성수기에도 그냥 음악 하지 나는 안 변해 넣어봐 이 정수기에도 소리쳐 정숙이어도 소리쳐 변성기여도 오늘 살고 오늘 죽어 always 피로 골절 걸렸어도 놀래 Drip too hard 바지가 흘러내려 바질 잡지 흘러내려 아이스 반지 팔찌 간지 나지 이건 사실 감기 내 친구들은 아퍼 내 친구들은 바뻐 내 친구들은 나뻐 So you better pay me proper 돈은 벌어 매일 누군 돈 버니 입 다물래 그래서 나는 다물게 이젠 다들 뭐를 하든지 난 너무 달려왔어 너희도 너무 달리지 말길 바래 예 뒤를 돌아보니 놓친 것들이 넘 많아 예 fuckkkkkk yeah 가족 다 챙겨 wake up 내일도 stage에선 hands up 매니지먼트 내 멘탈리틸 걱정 그래도 일 해야 돼 잊힐 수 없어 yeah 난 돈을 벌 거야 그 뒤엔 뭐가 기다릴지 몰라도 그래 몰라도 일단 가장 쉬운 길을 선택할 게 이젠 좋아 너가 욕을 해도 존나 뛰어 난 또 너무 아파 난 fuckin dope 벌고 싶어 이건 거지 flow 타치 엄마 속을 썩이고 돈으로 메꾸려 해 이 어린 놈 날 보러 오지 in the 서귀포 다음 단계 갈래 어디로 날라가 숨어 난 컨뒤로 내 가사 의미 없어 해석하지 말어 내 상태는 개앀이지 이제 모두 알어 모르면 다물어 아는척하지도 말어 사회생활 어려워 시발 다음 사람 사겨 걍 조져 roll in n roll in n 원해 롤리 탈주닌자클랜 우린 피해 다녀 police 다 모여 gang 신나 walk it like a talk it yeah im a trap put it on ma gang 내 친구들은 아퍼 내 친구들은 바뻐 내 친구들은 나뻐 So you better pay me proper Yo what's up 비행 우린 수도 없이 몇 개 title 석권 니네 평판 부끄럽지 클럽이산데 문신해줬던 그 여자 얘기 몸치 house quila 비율 좋게 묶었지 유 유일하게 클럽에서 흐름 가져가고 돈 땡기는 팀 IM JM WDP from king 데려와 걔 누군데 너 지인 okay too many people and too many rappers but now we 한 따까리 출신은 개털 내 친구들 평범과는 거리 개 멀 거야 먹을 거야 판때기 한 만큼 덜어 guap yeah what's you know what's you talkin' about uhm 벌어 갈 거야 돈 사랑 평화 비행 mind Drippin out a 3천 오데마 금보다 스뎅으로 둘러 cash cow 두리번거리지 말고 노엘이 당장 불러 예산부터 말해 pd야 눈 깔고 받아 적어 놈팽인 억 벌어 알만 하지 느그 속도 이 동네는 개족보 짬밥 쳐드신 게 유일하신 업보 겸상은 fuck no im up for it 댐벼 선비 난 전쟁선포 #노엘을 국회로 3대 가업 shit 죽겠죠 우리껀데 올해도 Imjmwdp도 3대 ho 개sick 내 팀 무대포 Family 퇴치 새이름은 hero #노엘을 국회로 #노엘을 국회로 내 친구들은 아퍼 내 친구들은 바뻐 내 친구들은 나뻐 So you better pay me proper 내 친구들은 공범 들어가더라도 아가리 다물어 수갑과 롤렉스 내 손목 파란만장 내 삶 다음 스캔들 come come 비프 애들이 랄라라 걔 이름이 뭐였지 이런 건 뭐 내 변호사비 계속 이삼천씩 Broke and rich 내 인생 빚 on me chain on me But you know what im saying now ye 여기 누가 날 쌩 까 예 우주비행 파티 johnny jamm 키스 파티 직원들 보다 바빠 어 예 내 여자랑 어디서 몰래 사라졌다가 온 새낀 내 brother 어 예 아무거나 라고 하면 난 테킬라 아님 걍 집어치우고 예스 난 욕을 넘 많이 먹고 얘넨 날 먹고 이건 걍 rhyming ye 비키니 같은 게 자꾸만 보여 밖엔 눈이 오는데 happy new year White girls 말은 안 통해도 괜찮아 우린 다 레슬링해 내가 받은 축복이 이런 건 아닐 거라는 건 잘 알지만 아멘 영비 whats up 얜 준비됐다고 곡 얘긴 아니겠지 오 후회는 언제 We the plug Indigo we JM My homie was a plug 법은 너무 많아 shit 걱정해 왜 멋있다가 죽겠지,"174,434",2019,"GIRIBOY, Kid Milli, Lil tachi, Kim Seungmin, NO:EL, C JAMM","I'm Sick (feat. Kid Milli, Lil tachi, Kim Seungmin, NO:EL, C JAMM)",F# Minor,11A,130.0,5:15,39.0,81.0,81.0,62.0,31.0,0.0,12.0,18.0,-4 dB,2019
85,방탄소년단 Make It Right,Make It Right,방탄소년단,랩/힙합,내가 날 눈치챘던 순간 떠나야만 했어 난 찾아내야 했어 All day all night 사막과 바다들을 건너 넓고 넓은 세계를 헤매어 다녔어 Baby I I could make it better I could hold you tighter 그 먼 길 위에서 Oh you’re the light 초대받지 못한 환영받지 못한 나를 알아줬던 단 한 사람 끝도 보이지 않던 영원의 밤 내게 아침을 선물한 건 너야 이제 그 손 내가 잡아도 될까 Oh oh I can make it right All right All right Oh I can make it right All right All right Oh I can make it right 이 세상 속에 영웅이 된 나 나를 찾는 큰 환호와 내 손 트로피와 금빛 마이크 All day everywhere But 모든 게 너에게 닿기 위함인 걸 내 여정의 답인 걸 널 찾기 위해 노래해 Baby to you 전보다 조금 더 커진 키에 좀 더 단단해진 목소리에 모든 건 네게 돌아가기 위해 이제 너라는 지도를 활짝 펼칠게 My rehab 날 봐 왜 못 알아봐 남들의 아우성 따위 나 듣고 싶지 않아 너의 향기는 여전히 나를 꿰뚫어 무너뜨려 되돌아가자 그때로 Baby I know I can make it better I can hold you tighter 그 모든 길은 널 향한 거야 다 소용없었어 너 아닌 다른 건 그때처럼 날 어루만져줘 끝도 보이지 않던 영원의 밤 내게 아침을 선물한 건 너야 이제 그 손 내가 잡아도 될까 Oh oh I can make it right All right All right Oh I can make it right All right All right Oh I can make it right 여전히 아름다운 너 그날의 그때처럼 말없이 그냥 날 안아줘 지옥에서 내가 살아 남은 건 날 위했던 게 아닌 되려 너를 위한 거란 걸 안다면 주저 말고 please save my life 너 없이 헤쳐왔던 사막 위는 목말라 그러니 어서 빨리 날 잡아줘 너 없는 바다는 결국 사막과 같을 거란 걸 알아 All right I can make it better I can hold you tighter Oh I can make it right 다 소용없었어 너 아닌 다른 건 Oh I can make it right All right All right Oh I can make it right,"622,383",2019,BTS,Make It Right,G Major,9B,106.0,3:46,68.0,71.0,64.0,26.0,1.0,0.0,13.0,45.0,-8 dB,2019
86,헤이즈 (Heize) We don't talk together (Feat. 기리보이) (Prod. SUGA),We don't talk together (Feat. 기리보이) (Prod. SUGA),헤이즈 (Heize),R&B/Soul,지금 너도 같은 기분일까 이상해 너랑 둘이 오랜만에 걷고 있는 이 밤 좀 어색해도 난 여전히 너의 것이니까 미안해 내가 너무 매정했지 진짜 겁도 없이 I don't know i don't know 아마도 그땐 너가 날 달래줄거라 믿고 뻐팅긴거야 너 하나 없어지고 모든 게 무너져서 멍한 표정으로 아마 집을 한 채 지었어 난 점점 발걸음이 무거워 못 걷겠어 이대로 널 보낼 순 없는데 입이 안 떨어져 i know 우린 사랑해서 We don't talk together 여전히 난 너인걸 Why don't you 인정하기 싫은걸 Why don't you 보낼 수가 없는걸 우린 너무 사랑해서 아니 내가 사랑해서 나는 너무 자각했어 현실을 시간이 다가오고있어 너를 보내야해 난 우회전 좌회전 고스트레잍 사분전 아진짜 돌아버리겠어 이별은 너무 아프지만 너를 놓아버리겠어 아니 너를 놓기 싫어 치료하면 되지 아픈것을 나아 버리겠어 우리 자주갔던 카페 여길 돌면 일분안에 너의집 우회전 좌회전 도착 i know 우린 사랑해서 We don't talk together 여전히 난 너인걸 Why don't you 인정하기 싫은걸 Why don't you 보낼 수가 없는걸 집에 도착 잘 지내 하면서 돌아선 너 다시 우리 사랑을 찾아야 해 이별을 막아야만 해 우린 사랑해도 We don't talk together 멀어져만 가는 널 Why don't you 보낼 수가 없는 걸 Why don't you 잡을 수도 없는 걸,"164,338",2019,Patti LaBelle,If You Don't Know Me By Now,C Major,8B,120.0,8:11,28.0,44.0,42.0,16.0,72.0,0.0,79.0,5.0,-10 dB,2019
87,장덕철 있어줘요,있어줘요,장덕철,"발라드, 인디음악",나와 둘이 함께 늙어가자던 습관처럼 뱉던 말 아직 여전하니 뭐든 나와 함께 한다면 그저 좋다던 예쁜 얼굴 생각나는 밤 나에게 늘 맞춰주던 너 익숙함이 커 지키지 못했어 그땐 내 얘기에 귀 기울이던 너의 앳된 표정이 아직도 선명해 다시금 날 봐줘요 그대의 기나긴 투정도 모두 들어드릴게요 아직도 지키지 못한 약속을 기다린다면 그대여 다시금 내 곁에 있어줘요 머물러요 질투 어린 술주정에도 미안하다며 계속 나를 달랬던 그대 따듯한 그 말들을 무시했던 그때의 내가 원망스럽네요 다시금 날 봐줘요 그대의 기나긴 투정도 모두 들어드릴게요 아직도 지키지 못한 약속을 기다린다면 그대여 다시금 내 곁에 있어줘요 그대가 돌아오면 멍청한 내 어린 습관도 전부 다 고칠게요 사랑은 처음이라서 그대를 아프게 해서 미안해요,"13,363",2019,Jang Deok Cheol,See you later,E Major,12B,132.0,3:36,41.0,43.0,47.0,26.0,74.0,0.0,17.0,3.0,-6 dB,2019
88,잔나비 뜨거운 여름밤은 가고 남은 건 볼품없지만,뜨거운 여름밤은 가고 남은 건 볼품없지만,잔나비,"인디음악, 록/메탈",그땐 난 어떤 마음이었길래 내 모든걸 주고도 웃을 수 있었나 그대는 또 어떤 마음이었길래 그 모든걸 갖고도 돌아서 버렸나 뜨거운 여름밤은 가고 남은 건 볼 품 없지만 또다시 찾아오는 누군갈 위해서 남겨두겠소 다짐은 세워올린 모래성은 심술이 또 터지면 무너지겠지만 뜨거운 여름밤은 가고 남은 건 볼 품 없지만 또다시 찾아오는 누군갈 위해서 남겨두겠소 그리운 그 마음 그대로 영원히 담아둘거야 언젠가 불어오는 바람에 남몰래 날려보겠소 눈이 부시던 그 순간들도 가슴아픈 그대의 거짓말도 새하얗게 바래지고 비틀거리던 내 발걸음도 그늘아래 드리운 내 눈빛도 아름답게 피어나길 눈이 부시던 그 순간들도 가슴아픈 그대의 거짓말도 새하얗게 바래지고 비틀거리던 내 발걸음도 그늘아래 드리운 내 눈빛도 아름답게 피어나길 눈이 부시던 그 순간들도 가슴아픈 그대의 거짓말도 새하얗게 바래지고 비틀거리던 내 발걸음도 그늘아래 드리운 내 눈빛도 아름답게 피어나길,"156,353",2019,JANNABI,Summer,F Minor,4A,79.0,4:03,54.0,62.0,50.0,33.0,44.0,0.0,29.0,3.0,-4 dB,2019
89,10CM 그러나,그러나,10CM,"인디음악, 포크/블루스",오랜만에 나를 마주치는 어느정도 가까운 사람들이 나에게 다가와 인사하며 꺼내는 너의 얘기 누구와 만나 무얼 했는지 너 요즘은 어떤지 살만 한지 소식과 근황을 전하고 나면 내 걱정으로 마무리 그럼 나는 웃으면서 다행이네 나 괜찮아 문제 없어 그러나 사실은 슬프게도 나는 괜찮지 않지 매일밤 매일밤 눈 감으면 꿈 속의 널 죽도록 미워하지 언짢은 기분을 내비치며 널 나쁘게 말하는 친구에게 아냐 이제와 다시 돌이켜 보면 오히려 고맙다고 다시 나는 웃으면서 다행이네 나 괜찮아 문제 없어 그러나 사실은 슬프게도 전혀 괜찮지 않지 매일밤 매일밤 어김없이 꿈 속의 널 마주하지 그러나 누구나 알고 있지 나는 괜찮지 않지 매일밤 매일밤 눈 감으면 꿈 속의 널 죽도록 미워하지 그럼 나는 어떡하지 하루하루 거짓말은 쌓여가지,"184,562",2019,10CM,However,E♭ Major,5B,167.0,3:51,30.0,24.0,35.0,26.0,85.0,0.0,11.0,3.0,-7 dB,2019
90,WINNER AH YEAH (아예),AH YEAH (아예),WINNER,댄스,우리 딱 약속해 난 친구는 못 해 깨끗하게 아예 가끔 참 야속해 사랑 빼면 원래 우린 남이야 아예 하나도 안 미안해 속이 다 후련해 드디어 내 시간이 많이 생겼네 음 근데 뭘 해야 하지 이제 Reset set set 또다시 Bad bad bad boy 로 돌아가 시원하게 밀어낼 때 때 때 영화관 대신 PC방 주말엔 날 찾지 마 새로운 만남 어딜 갈까 휘파람이 절로 나와 한 편의 영화처럼 사랑해도 열린 결말은 싫어 그 주인공들처럼 울고 불며 후회하긴 싫어 아예 우리 딱 약속해 난 친구는 못 해 깨끗하게 아예 가끔 참 야속해 사랑 빼면 원래 우린 남이야 아예 ㅇㅏㅇㅖ 내 눈 앞에서 ㅇㅏㅇㅖ 떠나가 버려 이제는 Bye bye 이별 앞에 가위 지고는 못 사는 너이기에 싹 자를게 실오라기 게 같다 나란 놈 쫑 내자 맘먹고도 집게 손 은 너의 옷깃 잡은 채로 굳어버려 난 순애보 한 편의 영화처럼 사랑해도 열린 결말은 싫어 그 주인공들처럼 울고 불며 질척대긴 싫어 아예 우리 딱 약속해 난 친구는 못 해 깨끗하게 아예 가끔 참 야속해 사랑 빼면 원래 우린 남이야 아예 I don’t care 너의 피눈물도 I don’t care 난 원래 이런 놈 네가 알던 착한 바본 여기 없어 oh no I don’t care 너의 주변에서 I don’t care 나 쓰레기 돼도 그냥 욕을 해 그래 그렇게 더는 미련 없게 아예 It’s over 우리 딱 약속해 난 친구는 못 해 깨끗하게 아예 It’s over 가끔 참 야속해 사랑 빼면 원래 우린 남이야 아예 It’s over,"148,974",2019,WINNER,AH YEAH,G Major,9B,128.0,2:57,50.0,72.0,80.0,88.0,36.0,0.0,18.0,4.0,-5 dB,2019
91,아이유 Blueming,Blueming,아이유,록/메탈,"‘뭐해?‘라는 두 글자에 ‘네가 보고 싶어’ 나의 속마음을 담아 우 이모티콘 하나하나 속에 달라지는 내 미묘한 심리를 알까 우  아니 바쁘지 않아 nothing no no 잠들어 있지 않아 insomnia nia nia 지금 다른 사람과 함께이지 않아 응, 나도 너를 생각 중  우리의 네모 칸은 bloom 엄지손가락으로 장미꽃을 피워 향기에 취할 것 같아 우 오직 둘만의 비밀의 정원  I feel bloom I feel bloom I feel bloom 너에게 한 송이를 더 보내  밤샘 작업으로 업데이트 흥미로운 이 작품의 지은이 that’s me 우 어쩜 이 관계의 클라이맥스 2막으로 넘어가기엔 지금이 good timing 우  같은 맘인 걸 알아 realize la lize 말을 고르지 말아 just reply la la ly 조금 장난스러운 나의 은유에 네 해석이 궁금해  우리의 색은 gray and blue 엄지손가락으로 말풍선을 띄워 금세 터질 것 같아 우 호흡이 가빠져 어지러워  I feel blue. I feel blue. I feel blue. 너에게 가득히 채워  띄어쓰기없이보낼게사랑인것같애 백만송이장미꽃을, 나랑피워볼래? 꽃잎의 색은 우리 마음 가는 대로 칠해 시들 때도 예쁘게  우리의 네모 칸은 bloom 엄지손가락으로 장미꽃을 피워 향기에 취할 것 같아 우 오직 둘만의 비밀의 정원  I feel bloom I feel bloom I feel bloom 너에게 한 송이를 더 보내","725,838",2019,IU,Blueming,C Major,8B,106.0,3:37,66.0,67.0,82.0,68.0,8.0,0.0,7.0,6.0,-3 dB,2019
92,"MC몽 인기 (Feat. 송가인, 챈슬러)","인기 (Feat. 송가인, 챈슬러)",MC몽,랩/힙합,우선 캐릭터는 분명 해야 해요 X 같은 XX 철부지같이 굴면 Fail 해요 Next 바로 Next Next 맥주 거품 같은 인기 까닥 실수하면 미끼 겸손해 후배 내 꼴 나기 전에 Thank your Swag Thank your Flex 인생은 힙합보다 트로트 같은 거 먼지 쌓인 트로피보다 흥이 나는 거 에헤라디야 에헤라디야 내 Scene은 훨씬 바람 불어 신나게 Sing Sing Just me myself and I Believe in me myself and I 끝없는 유혹 속에 부딪히며 살어 말할 수 없는 위험한 거래를 하듯이 인기는 중독이 돼 네 죄의식 안에서 주문을 걸어줘 위기 패기 다시 인기 Boom xhakalaka 먼저 폭죽을 터트릴까 Boom xhakalaka 맛이 가 맛이 가 맛이 가 맛이 가 Boom xhakalaka 먼저 폭죽을 터트릴까 Boom xhakalaka 맛이 가 맛이 가 맛이 가 Oh my god Even when love is falling down There's a fire in my heart still burning new Now I’m feeling so hypnotized Wake me up Cause it’s killing me inside 존대를 모르는 꼰대 얌마 약 따윈 안 하니까 딴 데 팔어 겸손을 모르면 지옥 불도 깊대 인생 짧으니까 형 말 들어 낄끼빠빠 똑똑한 인기 오락가락하지 Like a slinky Don't stop believing Keep on following what you’re dreaming 난 숨은 게 아니라 품은 거야 무는 게 아니라 묻는 거야 뼛속까지 딴따라라라라서 그래도 웃으며 난 부를 거야 인기란 새콤달콤 한 순간 감성과 함성의 미칠 각 왜 자극적인 것만 원할까 떡 상 떡 낙은 네 몫이야 끝없는 유혹 속에 부딪히며 살어 말할 수 없는 위험한 거래를 하듯이 인기는 중독이 돼 네 죄의식 안에서 주문을 걸어줘 위기 패기 다시 인기 Boom xhakalaka 먼저 폭죽을 터트릴까 Boom xhakalaka 맛이 가 맛이 가 맛이 가 맛이 가 Boom xhakalaka 먼저 폭죽을 터트릴까 Boom xhakalaka 맛이 가 맛이 가 맛이 가 Oh my god 에헤라디야 에헤라디야 에헤라디야 에헤라디야 에헤라디야 에헤라디야 에헤라디야 에헤라디야 위기 패기 다시 인기 Boom xhakalaka 먼저 폭죽을 터트릴까 Boom xhakalaka 맛이 가 맛이 가 맛이 가 맛이 가 Boom xhakalaka 먼저 폭죽을 터트릴까 Boom xhakalaka 맛이 가 맛이 가 맛이 가 Oh my god 이 어리석은 놈아 아직도 모르느냐 이놈의 썩을 놈아 넌 낙원을 원했느냐 아이고 아이고 아이고,"52,188",2019,"MC MONG, Song Ga In, Chancellor","FAME (Feat. Song Ga In, Chancellor)",C Minor,5A,110.0,4:02,35.0,87.0,71.0,58.0,17.0,0.0,49.0,6.0,-3 dB,2019
93,ITZY (있지) ICY,ICY,ITZY (있지),댄스,Hey hey hey yass whoo Beep beep Hey hey hey hey hey hey I see that I’m icy Go rising up up I see that I’m icy 차갑게 보여도 어떡해 Cool한 나니까 눈치 볼 마음 없어 Oh Come on 당당하게 Let it go Here we go 길거리를 누비고 On a roll Background music이 깔려 Bomb bomb bomb bomb Icy but I'm on fire 내 안에 있는 Dream 난 자신 있어 날 봐 I'm not a liar 너의 틀에 날 맞출 맘은 없어 Dance 다들 Blah blah 참 말 많아 난 괜찮아 계속 Blah blah They keep talkin' I keep walkin' 다들 Blah blah 참 말 많아 난 괜찮아 계속 Blah blah They keep talkin' I keep walkin' Ring ring ring 울려 All day long 모두 날 찾느라 바빠 이 노래가 Your favorite song 그렇게 될 걸 잘 알아 Hey 이 맛은 마치 딱 살얼음같이 Bling bling bling 반짝이는 걸 별빛같이 Icy Uhh shout out to 내 엄마 Thank you to 우리 Papa 좋은 것만 쏙 빼닮아 짠짠짜짠짠짠 당당하게 Let it go Here we go 길거리를 누비고 On a roll Background music이 깔려 Bomb bomb bomb bomb Icy but I'm on fire 내 안에 있는 Dream 난 자신 있어 날 봐 I'm not a liar 너의 틀에 날 맞출 맘은 없어 다들 Blah blah 참 말 많아 난 괜찮아 계속 Blah blah They keep talkin' I keep walkin' 다들 Blah blah 참 말 많아 난 괜찮아 계속 Blah blah They keep talkin' I keep walkin' Get it Hey Shake it Hey Yeah come on girls 더더 빨리 달려 Don't care what they say 내 답은 내가 아니까 It's OK Dance Up up up up up we go 끝없이 위로 위로 절대 멈추지 않고 No one can stop us now Blah blah 참 말 많아 난 괜찮아 계속 Blah blah They keep talkin' I keep walkin' 다들 Blah blah 참 말 많아 난 괜찮아 계속 Blah blah They keep talkin' I keep walkin' I see that I’m icy I see that I’m icy I see that I’m icy I see that I’m icy,"64,562",2019,ITZY,ICY,D Major,10B,125.0,3:11,62.0,90.0,80.0,81.0,3.0,0.0,18.0,8.0,-3 dB,2019
94,Lil tachi 눈 (Prod. 기리보이),눈 (Prod. 기리보이),Lil tachi,랩/힙합,멋이 다 흘러 흘러서 넘쳐 멀어 버렸어 배로 막 벌어 멋이 다 흘러 멋이 다 흘러 배로 막 벌어 어머 눈이 와 눈이 와 눈이 와 눈이 와 눈이 와 눈이 와 눈이 와 눈이 와 배터리 1퍼 남았잖아 보일러 고장 났잖아 입김이 불어오잖아 라면을 불어먹잖아 빈털터리 Rapper 빈털터리 Trapper 빈털터리 Flexer 빈털터리에서 카와이 순수했던 꿈 아이스 보석을 박고 트와이스 피처링 받고 돈과 명예 박수 키드밀리 사마가 사준 카메라 히트곡 뮤비 찍고 찍을 거야 백만 snow falls from the sky 하늘에서 눈이 내려와 ice ice ice ice ice ice ice ice ice ice 멋이 다 흘러 흘러서 넘쳐 멀어 버렸어 배로 막 벌어 멋이 다 흘러 멋이 다 흘러 배로 막 벌어 어머 눈이 와 눈이 와 눈이 와 눈이 와 눈이 와 눈이 와 눈이 와 눈이 와 눈이 귀찮아 보여 이젠 친구들이 전부 모이네 얼음 갖다 줘 내 허리에 눈은 돈이 안돼 하찮아 보일 때 침 뱉고 거리로 나가 여자들 땜에 또 바빠 이제 좀 머리가 아파 그냥 다들 집으로 가봐 I be flexing on my ex I be flexing on ma fam 탈주 닌자 money chase 순수한 건 저리 빼 눈은 치워버려 asap 02들 나 빼고 레이 백 걔넨 구린 랩을 매일 해 내 간지 한국의 테이 케이 I got a bucket new swag 이제 벌어 사와 루이 belt Fake mc들 전부 다 묻어버려 내 집 앞 더미 눈에 걔네 밟고 가 문제 아 모여서 명품을 구입해 다 사 flex해 잡아 택시 백 들어 양손에 감아 Two 체인s 멋이 다 흘러 흘러서 넘쳐 멀어 버렸어 배로 막 벌어 멋이 다 흘러 멋이 다 흘러 배로 막 벌어 어머 눈이 와 눈이 와 눈이 와 눈이 와 눈이 와 눈이 와 눈이 와 눈이 와 부평에서 flex 우리 작업실은 bando 서초까지 달려 너무 위험 우린 trapper 여긴 다른 행성 눈이 너무 내려 도망쳐 너희 우릴 보면 튀어 Cuz I'm gangster 산본에서 flex 우리 쇼핑하자 내일도 썰매 타고 달려 너무 위험 우린 faster 여긴 스노우 캐슬 눈이 내려 계속 여긴 스카이 캐슬 나는 마치 예서,"10,107",2019,"Lil tachi, HOTCHKISS",Snow (Prod. by GIRIBOY),C Major,8B,143.0,3:26,44.0,65.0,90.0,71.0,19.0,0.0,8.0,26.0,-4 dB,2019
95,홍진영 오늘 밤에,오늘 밤에,홍진영,성인가요/트로트,오늘 밤에 아무도 모르게 너랑 둘이서 둘이서 사랑을 할거야 오늘 밤에 아무도 모르게 뚜뚜 뚜루 뚜뚜 뚜두르 이 밤이 무서워 난 네가 없으면 내 곁에 좀 더 머물러요 리듬 속 너와 내가 춤을 출 때면 그 순간이 행복할거야 Baby 너랑 나랑 우리 둘이 영원하도록 사랑의 맹세를 난 약속할거야 오늘 밤에 아무도 모르게 너랑 둘이서 둘이서 사랑을 할거야 오늘 밤에 아무도 모르게 둘이서 하는 불장난 후우 후우 후우 뚜뚜 뚜루 뚜뚜 뚜두르 사랑이 뭐냐고 물어보신다면 나의 대답은 말해 뭐해 불타는 마음으로 지켜줄거야 당신만이 곁에 있다면 Baby 너랑 나랑 우리 둘이 영원하도록 사랑의 맹세를 난 약속할거야 오늘 밤에 아무도 모르게 너랑 둘이서 둘이서 사랑을 할거야 오늘 밤에 아무도 모르게 뚜뚜 뚜루 뚜뚜 뚜두르 꿈이라면 깨지 않게 해줘 떠나가지마 가지마 가지마 가지마 오늘 밤에 아무도 모르게 둘이서 하는 불장난 후우 후우 후우 뚜뚜 뚜루 뚜뚜 뚜두르,"19,403",2019,HONG JIN YOUNG,오늘 밤에,D Minor,7A,114.0,3:00,33.0,92.0,69.0,56.0,21.0,0.0,13.0,3.0,-2 dB,2019
